codigo_sucursal,name_sucursal,distrito,latitud,longitud,cantidad_bultos,prioridad,hora_inicio,hora_fin
1,Tienda Sim 0001,Zona 6,-12.142667,-76.983043,5,0,,
2,Tienda Sim 0002,Zona 3,-12.215368,-76.941725,6,0,,
3,Tienda Sim 0003,Zona 7,-11.922206,-77.039275,8,0,,
4,Tienda Sim 0004,Zona 5,-12.073155,-76.974485,7,0,,
5,Tienda Sim 0005,Zona 1,-12.071688,-77.074817,2,0,,
6,Tienda Sim 0006,Zona 8,-12.068029,-77.089749,1,0,,
7,Tienda Sim 0007,Zona 6,-12.160241,-77.010687,6,0,,
8,Tienda Sim 0008,Zona 6,-12.163434,-76.97293,5,0,,
9,Tienda Sim 0009,Zona 1,-12.008272,-77.069228,8,0,14:00,18:00
10,Tienda Sim 0010,Zona 3,-12.207032,-76.919295,5,0,,
11,Tienda Sim 0011,Zona 3,-12.1919,-76.93986,5,0,,
12,Tienda Sim 0012,Zona 8,-12.067937,-77.104061,3,0,14:00,18:00
13,Tienda Sim 0013,Zona 5,-12.036003,-76.964571,1,0,,
14,Tienda Sim 0014,Zona 7,-11.924195,-77.064714,8,0,,
15,Tienda Sim 0015,Zona 3,-12.194089,-76.946783,7,0,,
16,Tienda Sim 0016,Zona 2,-12.131093,-77.030408,2,0,,
17,Tienda Sim 0017,Zona 4,-12.001206,-77.079291,6,0,,
18,Tienda Sim 0018,Zona 1,-12.052365,-77.062872,3,0,,
19,Tienda Sim 0019,Zona 7,-11.93419,-77.060702,4,0,,
20,Tienda Sim 0020,Zona 5,-12.037184,-76.971267,7,0,,
21,Tienda Sim 0021,Zona 6,-12.170193,-76.981243,7,0,,
22,Tienda Sim 0022,Zona 3,-12.176147,-76.944055,2,0,14:00,18:00
23,Tienda Sim 0023,Zona 8,-12.073811,-77.101023,3,0,,
24,Tienda Sim 0024,Zona 7,-11.977929,-77.040776,7,0,,
25,Tienda Sim 0025,Zona 6,-12.124045,-76.967618,8,0,,
26,Tienda Sim 0026,Zona 1,-12.044778,-77.033134,1,0,,
27,Tienda Sim 0027,Zona 3,-12.183879,-76.985954,7,0,,
28,Tienda Sim 0028,Zona 1,-12.076282,-77.039215,4,0,,
29,Tienda Sim 0029,Zona 1,-12.058868,-77.019384,5,0,,
30,Tienda Sim 0030,Zona 5,-12.055673,-76.984822,1,0,,
31,Tienda Sim 0031,Zona 6,-12.182824,-77.019494,6,0,14:00,18:00
32,Tienda Sim 0032,Zona 8,-12.074214,-77.113391,6,0,,
33,Tienda Sim 0033,Zona 3,-12.20764,-76.93058,6,0,,
34,Tienda Sim 0034,Zona 3,-12.178427,-76.953067,7,0,,
35,Tienda Sim 0035,Zona 3,-12.238424,-76.938889,8,0,,
36,Tienda Sim 0036,Zona 1,-12.036004,-77.037431,7,0,,
37,Tienda Sim 0037,Zona 1,-12.028333,-77.063967,6,0,,
38,Tienda Sim 0038,Zona 4,-11.953842,-77.07727,8,0,,
39,Tienda Sim 0039,Zona 2,-12.106514,-77.060372,6,0,,
40,Tienda Sim 0040,Zona 5,-12.066745,-76.922705,6,0,,
41,Tienda Sim 0041,Zona 3,-12.204696,-76.934881,5,0,,
42,Tienda Sim 0042,Zona 7,-11.935735,-77.041889,7,0,,
43,Tienda Sim 0043,Zona 5,-12.025451,-76.95426,1,0,,
44,Tienda Sim 0044,Zona 2,-12.152053,-77.044458,5,0,,
45,Tienda Sim 0045,Zona 7,-11.930079,-77.032881,4,0,,
46,Tienda Sim 0046,Zona 6,-12.188207,-76.983038,8,0,,
47,Tienda Sim 0047,Zona 3,-12.210471,-76.956578,1,0,,
48,Tienda Sim 0048,Zona 2,-12.144766,-77.041311,6,0,,
49,Tienda Sim 0049,Zona 5,-12.063115,-76.936112,2,0,,
50,Tienda Sim 0050,Zona 1,-12.031436,-77.045625,8,0,,
51,Tienda Sim 0051,Zona 1,-12.053057,-77.040481,7,0,,
52,Tienda Sim 0052,Zona 1,-12.060698,-77.063643,2,0,,
53,Tienda Sim 0053,Zona 6,-12.176924,-76.981427,7,0,14:00,18:00
54,Tienda Sim 0054,Zona 5,-12.070943,-76.947083,4,0,,
55,Tienda Sim 0055,Zona 5,-12.036865,-76.978568,8,0,,
56,Tienda Sim 0056,Zona 6,-12.159548,-76.973959,6,0,,
57,Tienda Sim 0057,Zona 3,-12.193853,-76.950233,1,0,,
58,Tienda Sim 0058,Zona 4,-12.016165,-77.082723,2,0,,
59,Tienda Sim 0059,Zona 1,-12.04547,-77.024482,4,0,,
60,Tienda Sim 0060,Zona 1,-12.085855,-77.036777,2,0,,
61,Tienda Sim 0061,Zona 5,-12.028587,-76.952754,2,0,,
62,Tienda Sim 0062,Zona 4,-11.980096,-77.072655,8,0,14:00,18:00
63,Tienda Sim 0063,Zona 4,-11.992149,-77.089176,7,0,,
64,Tienda Sim 0064,Zona 6,-12.202198,-76.95303,4,0,,
65,Tienda Sim 0065,Zona 5,-12.06773,-76.9582,2,0,,
66,Tienda Sim 0066,Zona 4,-12.014956,-77.085379,2,0,09:00,13:00
67,Tienda Sim 0067,Zona 4,-11.993129,-77.073132,8,0,,
68,Tienda Sim 0068,Zona 2,-12.113197,-77.021854,3,0,,
69,Tienda Sim 0069,Zona 1,-12.040225,-77.038705,1,0,,
70,Tienda Sim 0070,Zona 3,-12.1716,-76.969217,4,0,,
71,Tienda Sim 0071,Zona 2,-12.120989,-77.009612,4,0,,
72,Tienda Sim 0072,Zona 3,-12.177238,-76.975592,5,0,,
73,Tienda Sim 0073,Zona 7,-11.945622,-77.015554,3,0,,
74,Tienda Sim 0074,Zona 2,-12.110855,-77.026485,8,0,,
75,Tienda Sim 0075,Zona 1,-12.049918,-77.049908,6,0,,
76,Tienda Sim 0076,Zona 2,-12.114812,-77.034543,8,0,,
77,Tienda Sim 0077,Zona 2,-12.120766,-77.028585,3,0,,
78,Tienda Sim 0078,Zona 5,-12.062205,-76.940422,6,0,09:00,13:00
79,Tienda Sim 0079,Zona 4,-11.937544,-77.091986,3,0,,
80,Tienda Sim 0080,Zona 6,-12.154168,-76.983683,6,0,,
81,Tienda Sim 0081,Zona 5,-12.039607,-76.949162,6,0,,
82,Tienda Sim 0082,Zona 3,-12.186287,-76.928841,3,0,,
83,Tienda Sim 0083,Zona 6,-12.156536,-76.949623,8,0,14:00,18:00
84,Tienda Sim 0084,Zona 1,-12.088197,-77.014372,7,0,,
85,Tienda Sim 0085,Zona 1,-12.039249,-77.023599,8,0,,
86,Tienda Sim 0086,Zona 1,-12.067958,-77.057954,2,0,,
87,Tienda Sim 0087,Zona 6,-12.157373,-76.970307,6,0,,
88,Tienda Sim 0088,Zona 3,-12.194905,-76.930479,1,0,,
89,Tienda Sim 0089,Zona 1,-12.077774,-77.025471,1,0,,
90,Tienda Sim 0090,Zona 4,-11.989851,-77.063668,8,0,,
91,Tienda Sim 0091,Zona 1,-12.07248,-77.033945,2,0,,
92,Tienda Sim 0092,Zona 5,-12.093454,-76.938329,7,0,,
93,Tienda Sim 0093,Zona 3,-12.226858,-76.949038,4,0,,
94,Tienda Sim 0094,Zona 3,-12.202145,-76.928948,3,0,,
95,Tienda Sim 0095,Zona 2,-12.123216,-77.042494,1,0,,
96,Tienda Sim 0096,Zona 5,-12.059119,-76.927088,6,0,,
97,Tienda Sim 0097,Zona 3,-12.190347,-76.956941,6,0,,
98,Tienda Sim 0098,Zona 1,-12.050256,-77.071209,4,0,,
99,Tienda Sim 0099,Zona 1,-12.039007,-77.074677,7,0,,
100,Tienda Sim 0100,Zona 8,-12.056468,-77.107685,3,0,,
101,Tienda Sim 0101,Zona 8,-12.027035,-77.129802,5,0,,
102,Tienda Sim 0102,Zona 5,-12.051848,-76.917631,3,0,,
103,Tienda Sim 0103,Zona 2,-12.098555,-77.042532,5,0,,
104,Tienda Sim 0104,Zona 8,-12.065969,-77.109964,2,0,,
105,Tienda Sim 0105,Zona 6,-12.154925,-76.982576,4,0,,
106,Tienda Sim 0106,Zona 5,-12.051608,-76.978765,5,0,,
107,Tienda Sim 0107,Zona 3,-12.197568,-76.9419,5,0,,
108,Tienda Sim 0108,Zona 2,-12.124094,-77.059071,4,0,,
109,Tienda Sim 0109,Zona 1,-12.028206,-77.036439,6,1,,
110,Tienda Sim 0110,Zona 8,-12.083068,-77.115051,5,0,,
111,Tienda Sim 0111,Zona 3,-12.227012,-76.968457,3,0,,
112,Tienda Sim 0112,Zona 2,-12.129681,-77.007888,2,0,,
113,Tienda Sim 0113,Zona 2,-12.131511,-77.018476,6,0,,
114,Tienda Sim 0114,Zona 4,-11.99969,-77.055537,8,0,,
115,Tienda Sim 0115,Zona 1,-12.048545,-77.027285,7,0,,
116,Tienda Sim 0116,Zona 7,-11.949627,-77.068306,6,0,,
117,Tienda Sim 0117,Zona 6,-12.184875,-76.979574,8,0,,
118,Tienda Sim 0118,Zona 5,-12.072483,-76.942616,8,0,,
119,Tienda Sim 0119,Zona 3,-12.208384,-76.907257,5,0,,
120,Tienda Sim 0120,Zona 5,-12.081279,-76.946335,1,0,,
121,Tienda Sim 0121,Zona 4,-12.010303,-77.068881,6,0,,
122,Tienda Sim 0122,Zona 5,-12.047454,-76.991857,5,0,,
123,Tienda Sim 0123,Zona 1,-12.041737,-77.008748,3,0,,
124,Tienda Sim 0124,Zona 3,-12.208162,-76.945323,7,0,14:00,18:00
125,Tienda Sim 0125,Zona 1,-12.027551,-77.045951,7,0,,
126,Tienda Sim 0126,Zona 4,-12.000457,-77.100963,3,0,,
127,Tienda Sim 0127,Zona 3,-12.188462,-76.952037,4,0,,
128,Tienda Sim 0128,Zona 1,-12.064228,-77.040721,2,0,,
129,Tienda Sim 0129,Zona 1,-12.056506,-77.052512,2,0,,
130,Tienda Sim 0130,Zona 4,-11.979087,-77.084091,3,0,,
131,Tienda Sim 0131,Zona 1,-12.027148,-77.068158,3,0,,
132,Tienda Sim 0132,Zona 8,-12.081929,-77.075387,3,0,,
133,Tienda Sim 0133,Zona 4,-11.969708,-77.058243,2,0,,
134,Tienda Sim 0134,Zona 3,-12.21693,-76.959527,4,0,,
135,Tienda Sim 0135,Zona 4,-11.988681,-77.059325,5,0,,
136,Tienda Sim 0136,Zona 1,-12.047636,-77.043555,3,1,,
137,Tienda Sim 0137,Zona 8,-12.073859,-77.135956,5,0,,
138,Tienda Sim 0138,Zona 4,-11.999297,-77.043537,3,0,,
139,Tienda Sim 0139,Zona 6,-12.18463,-76.973412,6,0,,
140,Tienda Sim 0140,Zona 1,-12.060756,-77.040996,6,0,,
141,Tienda Sim 0141,Zona 4,-11.996995,-77.033407,8,0,,
142,Tienda Sim 0142,Zona 4,-11.980882,-77.083612,1,0,,
143,Tienda Sim 0143,Zona 8,-12.057918,-77.123944,7,0,,
144,Tienda Sim 0144,Zona 4,-12.000386,-77.054351,3,0,,
145,Tienda Sim 0145,Zona 4,-11.998851,-77.043929,1,0,,
146,Tienda Sim 0146,Zona 2,-12.133941,-77.041141,6,0,,
147,Tienda Sim 0147,Zona 3,-12.211815,-76.960181,2,0,,
148,Tienda Sim 0148,Zona 4,-11.970215,-77.048682,2,0,,
149,Tienda Sim 0149,Zona 3,-12.169221,-76.909182,8,0,,
150,Tienda Sim 0150,Zona 1,-12.064553,-77.041732,2,0,,
151,Tienda Sim 0151,Zona 7,-11.961172,-77.053997,5,0,,
152,Tienda Sim 0152,Zona 7,-11.951341,-77.059029,2,0,,
153,Tienda Sim 0153,Zona 1,-12.064934,-77.045597,1,0,,
154,Tienda Sim 0154,Zona 4,-12.011901,-77.044842,1,0,,
155,Tienda Sim 0155,Zona 1,-12.06252,-76.992428,1,0,,
156,Tienda Sim 0156,Zona 5,-12.058125,-76.948704,4,0,,
157,Tienda Sim 0157,Zona 2,-12.143316,-76.99929,4,0,,
158,Tienda Sim 0158,Zona 5,-12.029849,-76.944656,1,0,,
159,Tienda Sim 0159,Zona 6,-12.184242,-76.966208,3,0,,
160,Tienda Sim 0160,Zona 6,-12.180186,-76.943678,3,0,,
161,Tienda Sim 0161,Zona 1,-12.031434,-77.041282,5,0,09:00,13:00
162,Tienda Sim 0162,Zona 8,-12.113855,-77.127701,8,0,,
163,Tienda Sim 0163,Zona 2,-12.10762,-77.008168,6,0,,
164,Tienda Sim 0164,Zona 1,-12.026035,-77.071656,8,0,,
165,Tienda Sim 0165,Zona 4,-11.984572,-77.041721,2,0,,
166,Tienda Sim 0166,Zona 3,-12.22985,-76.950142,2,1,,
167,Tienda Sim 0167,Zona 7,-11.935071,-77.045414,7,1,,
168,Tienda Sim 0168,Zona 6,-12.193339,-76.975863,3,0,,
169,Tienda Sim 0169,Zona 2,-12.125891,-77.032665,7,0,,
170,Tienda Sim 0170,Zona 8,-12.080142,-77.117974,4,0,,
171,Tienda Sim 0171,Zona 2,-12.120715,-77.022036,2,0,,
172,Tienda Sim 0172,Zona 4,-11.99548,-77.067374,7,0,,
173,Tienda Sim 0173,Zona 2,-12.118338,-77.064576,5,0,09:00,13:00
174,Tienda Sim 0174,Zona 8,-12.061413,-77.11001,7,0,14:00,18:00
175,Tienda Sim 0175,Zona 1,-12.045286,-77.025707,4,0,14:00,18:00
176,Tienda Sim 0176,Zona 1,-12.081151,-77.078529,2,0,,
177,Tienda Sim 0177,Zona 3,-12.195072,-76.950128,6,0,,
178,Tienda Sim 0178,Zona 8,-12.066937,-77.118318,1,0,,
179,Tienda Sim 0179,Zona 7,-11.928042,-77.023213,6,0,,
180,Tienda Sim 0180,Zona 6,-12.151288,-76.974695,4,0,,
181,Tienda Sim 0181,Zona 7,-11.977938,-77.026154,7,0,,
182,Tienda Sim 0182,Zona 7,-11.918009,-77.028398,7,0,,
183,Tienda Sim 0183,Zona 4,-12.005834,-77.047872,4,0,,
184,Tienda Sim 0184,Zona 2,-12.10451,-77.001941,8,1,,
185,Tienda Sim 0185,Zona 6,-12.17577,-76.974076,1,0,,
186,Tienda Sim 0186,Zona 5,-12.036549,-76.948967,1,0,,
187,Tienda Sim 0187,Zona 3,-12.220112,-76.942537,8,0,,
188,Tienda Sim 0188,Zona 1,-12.035584,-77.041417,5,0,,
189,Tienda Sim 0189,Zona 6,-12.156047,-76.974657,4,0,,
190,Tienda Sim 0190,Zona 2,-12.093391,-77.046212,2,0,,
191,Tienda Sim 0191,Zona 8,-12.080572,-77.109802,3,0,,
192,Tienda Sim 0192,Zona 2,-12.104179,-77.056953,6,0,,
193,Tienda Sim 0193,Zona 1,-12.069585,-77.079679,7,0,09:00,13:00
194,Tienda Sim 0194,Zona 7,-11.939411,-77.06013,8,0,14:00,18:00
195,Tienda Sim 0195,Zona 1,-12.052922,-77.031095,4,0,,
196,Tienda Sim 0196,Zona 1,-12.057548,-77.038837,4,0,09:00,13:00
197,Tienda Sim 0197,Zona 4,-11.995388,-77.047902,2,0,,
198,Tienda Sim 0198,Zona 7,-11.931448,-77.052455,1,0,14:00,18:00
199,Tienda Sim 0199,Zona 1,-12.049036,-77.024213,4,0,,
200,Tienda Sim 0200,Zona 2,-12.112919,-77.055145,5,0,,
201,Tienda Sim 0201,Zona 6,-12.148199,-76.989523,1,0,,
202,Tienda Sim 0202,Zona 8,-12.044575,-77.091566,4,0,,
203,Tienda Sim 0203,Zona 4,-11.984782,-77.05717,6,0,09:00,13:00
204,Tienda Sim 0204,Zona 1,-12.049763,-77.030787,7,0,14:00,18:00
205,Tienda Sim 0205,Zona 1,-12.052674,-77.03876,8,0,,
206,Tienda Sim 0206,Zona 2,-12.104305,-77.040113,3,0,,
207,Tienda Sim 0207,Zona 1,-12.057091,-77.064499,4,0,,
208,Tienda Sim 0208,Zona 5,-12.069161,-76.982911,7,0,,
209,Tienda Sim 0209,Zona 1,-12.032863,-77.01044,6,0,,
210,Tienda Sim 0210,Zona 4,-11.964344,-77.08927,3,0,,
211,Tienda Sim 0211,Zona 5,-12.036953,-76.924402,6,0,,
212,Tienda Sim 0212,Zona 4,-11.998223,-77.058174,2,0,,
213,Tienda Sim 0213,Zona 1,-12.082142,-77.038199,4,0,,
214,Tienda Sim 0214,Zona 6,-12.179144,-76.966407,3,0,,
215,Tienda Sim 0215,Zona 5,-12.078102,-76.940229,8,0,,
216,Tienda Sim 0216,Zona 6,-12.141559,-76.984097,1,0,14:00,18:00
217,Tienda Sim 0217,Zona 1,-12.066465,-77.081808,7,0,,
218,Tienda Sim 0218,Zona 1,-12.050795,-77.053469,3,0,,
219,Tienda Sim 0219,Zona 8,-12.097918,-77.101846,1,0,,
220,Tienda Sim 0220,Zona 3,-12.208099,-76.969363,6,0,,
221,Tienda Sim 0221,Zona 2,-12.129982,-77.010717,6,0,,
222,Tienda Sim 0222,Zona 4,-11.979147,-77.06234,2,0,,
223,Tienda Sim 0223,Zona 5,-12.038856,-76.970896,1,0,,
224,Tienda Sim 0224,Zona 8,-12.069417,-77.107348,1,0,,
225,Tienda Sim 0225,Zona 2,-12.128457,-77.022162,4,1,,
226,Tienda Sim 0226,Zona 8,-12.084048,-77.100823,2,0,,
227,Tienda Sim 0227,Zona 1,-12.036067,-77.095509,6,0,,
228,Tienda Sim 0228,Zona 4,-11.968574,-77.114857,1,0,,
229,Tienda Sim 0229,Zona 5,-12.061089,-76.931544,7,0,,
230,Tienda Sim 0230,Zona 1,-12.051711,-77.069391,7,0,,
231,Tienda Sim 0231,Zona 1,-12.065687,-77.024516,6,0,,
232,Tienda Sim 0232,Zona 3,-12.234587,-76.929678,8,0,,
233,Tienda Sim 0233,Zona 8,-12.070992,-77.131463,8,0,,
234,Tienda Sim 0234,Zona 4,-12.000496,-77.07831,1,0,,
235,Tienda Sim 0235,Zona 8,-12.054408,-77.096816,3,0,,
236,Tienda Sim 0236,Zona 6,-12.190945,-76.977265,7,0,,
237,Tienda Sim 0237,Zona 3,-12.215537,-76.926717,3,0,,
238,Tienda Sim 0238,Zona 6,-12.184302,-76.941124,6,0,,
239,Tienda Sim 0239,Zona 1,-12.046599,-77.063915,7,0,,
240,Tienda Sim 0240,Zona 1,-12.058191,-77.057429,8,0,,
241,Tienda Sim 0241,Zona 7,-11.962943,-77.038293,3,0,,
242,Tienda Sim 0242,Zona 6,-12.182102,-77.009247,3,0,,
243,Tienda Sim 0243,Zona 2,-12.126834,-77.062451,1,0,,
244,Tienda Sim 0244,Zona 4,-12.003539,-77.076364,3,0,,
245,Tienda Sim 0245,Zona 5,-12.065682,-76.913983,3,0,,
246,Tienda Sim 0246,Zona 7,-11.938985,-77.035583,4,0,,
247,Tienda Sim 0247,Zona 5,-12.081975,-76.961771,4,0,09:00,13:00
248,Tienda Sim 0248,Zona 3,-12.196125,-76.968442,7,0,,
249,Tienda Sim 0249,Zona 3,-12.183655,-76.971649,7,0,09:00,13:00
250,Tienda Sim 0250,Zona 3,-12.205155,-76.960549,6,0,,
251,Tienda Sim 0251,Zona 5,-12.047042,-76.961529,1,0,,
252,Tienda Sim 0252,Zona 7,-11.944876,-77.04425,4,0,,
253,Tienda Sim 0253,Zona 3,-12.213219,-76.941268,6,0,,
254,Tienda Sim 0254,Zona 2,-12.115709,-77.031595,2,0,,
255,Tienda Sim 0255,Zona 2,-12.127748,-77.015662,4,0,,
256,Tienda Sim 0256,Zona 6,-12.164245,-76.975521,6,0,,
257,Tienda Sim 0257,Zona 6,-12.158116,-76.939461,7,1,,
258,Tienda Sim 0258,Zona 1,-12.070126,-77.029143,7,0,,
259,Tienda Sim 0259,Zona 1,-12.080077,-77.039089,4,0,,
260,Tienda Sim 0260,Zona 4,-11.961649,-77.051204,4,0,,
261,Tienda Sim 0261,Zona 1,-12.042929,-77.053088,4,0,,
262,Tienda Sim 0262,Zona 7,-11.939441,-77.044537,6,0,,
263,Tienda Sim 0263,Zona 2,-12.134148,-77.035218,4,0,,
264,Tienda Sim 0264,Zona 1,-12.042429,-77.05681,4,0,,
265,Tienda Sim 0265,Zona 8,-12.084513,-77.134484,2,0,,
266,Tienda Sim 0266,Zona 1,-12.038967,-77.033184,4,0,,
267,Tienda Sim 0267,Zona 2,-12.11583,-77.012627,2,0,,
268,Tienda Sim 0268,Zona 1,-12.044418,-77.035944,5,0,,
269,Tienda Sim 0269,Zona 1,-12.040531,-77.044648,8,0,,
270,Tienda Sim 0270,Zona 1,-12.055555,-77.003145,7,0,,
271,Tienda Sim 0271,Zona 1,-12.054135,-77.054986,4,0,,
272,Tienda Sim 0272,Zona 1,-12.038188,-77.038467,8,0,,
273,Tienda Sim 0273,Zona 1,-12.071286,-77.022792,8,0,,
274,Tienda Sim 0274,Zona 4,-11.991696,-77.079997,4,0,,
275,Tienda Sim 0275,Zona 5,-12.028602,-76.938738,7,0,,
276,Tienda Sim 0276,Zona 3,-12.222762,-76.918011,3,0,,
277,Tienda Sim 0277,Zona 2,-12.108142,-77.030184,8,0,,
278,Tienda Sim 0278,Zona 4,-11.961376,-77.057133,3,0,,
279,Tienda Sim 0279,Zona 7,-11.940505,-77.051885,3,1,,
280,Tienda Sim 0280,Zona 7,-11.929527,-77.031421,2,0,,
281,Tienda Sim 0281,Zona 1,-12.045736,-77.05722,7,0,,
282,Tienda Sim 0282,Zona 1,-12.043661,-77.044256,3,0,,
283,Tienda Sim 0283,Zona 2,-12.144003,-77.056493,7,0,,
284,Tienda Sim 0284,Zona 2,-12.109827,-77.076834,1,0,,
285,Tienda Sim 0285,Zona 4,-11.986303,-77.068605,5,0,09:00,13:00
286,Tienda Sim 0286,Zona 3,-12.176452,-76.958882,4,0,,
287,Tienda Sim 0287,Zona 1,-12.034129,-77.050144,4,0,,
288,Tienda Sim 0288,Zona 3,-12.197953,-76.936737,2,0,,
289,Tienda Sim 0289,Zona 4,-11.998326,-77.042062,1,0,14:00,18:00
290,Tienda Sim 0290,Zona 1,-12.063887,-77.037697,3,0,,
291,Tienda Sim 0291,Zona 7,-11.923392,-77.028119,4,0,09:00,13:00
292,Tienda Sim 0292,Zona 1,-12.011504,-77.056742,7,0,,
293,Tienda Sim 0293,Zona 8,-12.094825,-77.127898,4,0,,
294,Tienda Sim 0294,Zona 1,-12.034112,-77.034037,2,0,,
295,Tienda Sim 0295,Zona 7,-11.938159,-77.060213,3,0,,
296,Tienda Sim 0296,Zona 8,-12.056196,-77.132045,5,0,,
297,Tienda Sim 0297,Zona 8,-12.049139,-77.058566,4,0,,
298,Tienda Sim 0298,Zona 6,-12.153404,-76.959504,8,0,,
299,Tienda Sim 0299,Zona 6,-12.168871,-77.002584,4,0,,
300,Tienda Sim 0300,Zona 5,-12.060849,-76.969672,5,0,,
301,Tienda Sim 0301,Zona 6,-12.186046,-76.938998,1,0,,
302,Tienda Sim 0302,Zona 1,-12.041088,-77.036166,2,0,,
303,Tienda Sim 0303,Zona 4,-11.995562,-77.063112,7,0,,
304,Tienda Sim 0304,Zona 4,-11.972638,-77.060582,3,0,,
305,Tienda Sim 0305,Zona 7,-11.930448,-77.043528,4,0,,
306,Tienda Sim 0306,Zona 3,-12.206159,-76.975324,5,0,,
307,Tienda Sim 0307,Zona 3,-12.235599,-76.954708,1,0,14:00,18:00
308,Tienda Sim 0308,Zona 5,-12.048983,-76.97315,5,0,,
309,Tienda Sim 0309,Zona 2,-12.120621,-77.029032,3,0,,
310,Tienda Sim 0310,Zona 1,-12.084808,-77.059472,2,1,,
311,Tienda Sim 0311,Zona 4,-11.982669,-77.053033,4,0,,
312,Tienda Sim 0312,Zona 3,-12.220766,-76.947148,4,0,,
313,Tienda Sim 0313,Zona 2,-12.101597,-77.016013,2,0,,
314,Tienda Sim 0314,Zona 3,-12.201715,-76.958424,5,0,,
315,Tienda Sim 0315,Zona 3,-12.211328,-76.941579,6,0,,
316,Tienda Sim 0316,Zona 3,-12.196488,-76.938671,3,0,,
317,Tienda Sim 0317,Zona 3,-12.197626,-76.935262,8,0,,
318,Tienda Sim 0318,Zona 5,-12.048297,-76.935876,5,0,,
319,Tienda Sim 0319,Zona 2,-12.104325,-77.044481,7,0,,
320,Tienda Sim 0320,Zona 8,-12.102547,-77.082217,1,0,,
321,Tienda Sim 0321,Zona 8,-12.06538,-77.140861,7,0,,
322,Tienda Sim 0322,Zona 4,-12.002849,-77.046106,3,0,,
323,Tienda Sim 0323,Zona 3,-12.205034,-76.959217,6,0,,
324,Tienda Sim 0324,Zona 4,-11.964784,-77.078851,7,0,,
325,Tienda Sim 0325,Zona 7,-11.954367,-77.036195,3,0,,
326,Tienda Sim 0326,Zona 5,-12.042972,-76.941066,3,0,,
327,Tienda Sim 0327,Zona 6,-12.143598,-76.966426,1,0,,
328,Tienda Sim 0328,Zona 4,-11.981191,-77.064666,5,0,,
329,Tienda Sim 0329,Zona 5,-12.048871,-76.948064,7,0,,
330,Tienda Sim 0330,Zona 2,-12.116128,-77.016094,4,0,,
331,Tienda Sim 0331,Zona 6,-12.150007,-76.969204,2,0,,
332,Tienda Sim 0332,Zona 2,-12.134564,-77.028782,3,0,,
333,Tienda Sim 0333,Zona 5,-12.050504,-76.946523,4,0,,
334,Tienda Sim 0334,Zona 7,-11.900283,-77.049428,8,0,,
335,Tienda Sim 0335,Zona 1,-12.038399,-77.023768,1,0,,
336,Tienda Sim 0336,Zona 5,-12.048236,-76.907919,3,0,,
337,Tienda Sim 0337,Zona 1,-12.052805,-77.037166,6,0,,
338,Tienda Sim 0338,Zona 6,-12.174379,-76.976327,2,0,,
339,Tienda Sim 0339,Zona 1,-12.041519,-77.027767,8,0,,
340,Tienda Sim 0340,Zona 8,-12.064256,-77.087336,8,0,,
341,Tienda Sim 0341,Zona 1,-12.047709,-77.048979,4,0,,
342,Tienda Sim 0342,Zona 8,-12.021328,-77.102904,6,0,,
343,Tienda Sim 0343,Zona 6,-12.172951,-76.982497,7,0,,
344,Tienda Sim 0344,Zona 4,-12.006968,-77.043142,6,0,,
345,Tienda Sim 0345,Zona 6,-12.166559,-76.967707,2,0,,
346,Tienda Sim 0346,Zona 6,-12.161143,-76.956833,1,0,,
347,Tienda Sim 0347,Zona 8,-12.085241,-77.12936,3,1,,
348,Tienda Sim 0348,Zona 2,-12.115963,-77.019183,2,0,,
349,Tienda Sim 0349,Zona 4,-11.984014,-77.07457,3,0,,
350,Tienda Sim 0350,Zona 1,-12.033805,-77.056389,6,0,,
351,Tienda Sim 0351,Zona 5,-12.059388,-76.966991,5,0,,
352,Tienda Sim 0352,Zona 1,-12.022579,-77.031598,2,0,,
353,Tienda Sim 0353,Zona 4,-11.97911,-77.03755,1,0,,
354,Tienda Sim 0354,Zona 4,-11.939372,-77.090766,2,0,,
355,Tienda Sim 0355,Zona 3,-12.213291,-76.961091,4,0,14:00,18:00
356,Tienda Sim 0356,Zona 4,-12.005315,-77.079396,7,0,,
357,Tienda Sim 0357,Zona 6,-12.165394,-76.991899,3,0,,
358,Tienda Sim 0358,Zona 6,-12.153969,-76.969069,3,0,,
359,Tienda Sim 0359,Zona 4,-11.981341,-77.050861,5,0,,
360,Tienda Sim 0360,Zona 4,-11.979146,-77.066721,1,0,,
361,Tienda Sim 0361,Zona 8,-12.031819,-77.10578,2,0,14:00,18:00
362,Tienda Sim 0362,Zona 1,-12.079525,-77.061043,1,0,,
363,Tienda Sim 0363,Zona 1,-12.077329,-77.042688,5,0,,
364,Tienda Sim 0364,Zona 1,-12.048192,-77.051432,4,0,,
365,Tienda Sim 0365,Zona 5,-12.013803,-76.940118,5,0,,
366,Tienda Sim 0366,Zona 3,-12.18693,-76.966759,5,0,,
367,Tienda Sim 0367,Zona 6,-12.177985,-76.969338,4,0,,
368,Tienda Sim 0368,Zona 5,-12.046886,-76.983414,7,0,,
369,Tienda Sim 0369,Zona 3,-12.203246,-76.949747,8,0,,
370,Tienda Sim 0370,Zona 7,-11.943873,-77.054641,1,0,09:00,13:00
371,Tienda Sim 0371,Zona 6,-12.169712,-76.973183,8,1,,
372,Tienda Sim 0372,Zona 2,-12.118366,-77.019114,2,0,,
373,Tienda Sim 0373,Zona 3,-12.180545,-76.955298,2,0,,
374,Tienda Sim 0374,Zona 2,-12.128211,-77.022122,5,0,,
375,Tienda Sim 0375,Zona 1,-12.035005,-77.050816,1,0,,
376,Tienda Sim 0376,Zona 1,-12.031773,-77.025367,3,0,,
377,Tienda Sim 0377,Zona 8,-12.04675,-77.07799,2,0,,
378,Tienda Sim 0378,Zona 3,-12.215595,-76.94975,4,0,,
379,Tienda Sim 0379,Zona 3,-12.199797,-76.951765,7,0,,
380,Tienda Sim 0380,Zona 6,-12.171687,-76.99674,8,0,,
381,Tienda Sim 0381,Zona 4,-11.988332,-77.07383,2,0,,
382,Tienda Sim 0382,Zona 8,-12.068452,-77.124293,5,0,,
383,Tienda Sim 0383,Zona 6,-12.179794,-76.965783,4,0,,
384,Tienda Sim 0384,Zona 4,-11.987283,-77.049573,4,0,,
385,Tienda Sim 0385,Zona 3,-12.160654,-76.945009,6,0,,
386,Tienda Sim 0386,Zona 8,-12.061269,-77.129396,8,0,,
387,Tienda Sim 0387,Zona 5,-12.073164,-76.921509,4,0,,
388,Tienda Sim 0388,Zona 8,-12.086623,-77.128791,1,0,09:00,13:00
389,Tienda Sim 0389,Zona 1,-12.046704,-77.044623,8,0,,
390,Tienda Sim 0390,Zona 7,-11.956245,-77.04549,8,0,,
391,Tienda Sim 0391,Zona 5,-12.027871,-76.964508,3,0,,
392,Tienda Sim 0392,Zona 1,-12.071086,-77.026033,5,0,,
393,Tienda Sim 0393,Zona 4,-11.981139,-77.071169,7,0,09:00,13:00
394,Tienda Sim 0394,Zona 5,-12.078479,-76.963403,5,0,,
395,Tienda Sim 0395,Zona 1,-12.046985,-77.022018,4,0,,
396,Tienda Sim 0396,Zona 3,-12.218658,-76.951521,8,0,,
397,Tienda Sim 0397,Zona 7,-11.927847,-77.082863,7,0,,
398,Tienda Sim 0398,Zona 2,-12.101392,-77.051284,5,0,,
399,Tienda Sim 0399,Zona 3,-12.194024,-76.94556,2,0,,
400,Tienda Sim 0400,Zona 3,-12.180477,-76.940083,4,0,,
401,Tienda Sim 0401,Zona 2,-12.162791,-77.044126,6,0,09:00,13:00
402,Tienda Sim 0402,Zona 8,-12.067512,-77.11351,3,0,,
403,Tienda Sim 0403,Zona 6,-12.151403,-76.955791,5,0,,
404,Tienda Sim 0404,Zona 1,-12.035048,-77.046857,6,0,,
405,Tienda Sim 0405,Zona 8,-12.103234,-77.118199,1,0,,
406,Tienda Sim 0406,Zona 7,-11.932505,-77.059628,5,0,,
407,Tienda Sim 0407,Zona 2,-12.108637,-77.013649,6,0,,
408,Tienda Sim 0408,Zona 7,-11.937716,-77.095148,2,0,,
409,Tienda Sim 0409,Zona 1,-12.069006,-77.009049,5,0,,
410,Tienda Sim 0410,Zona 8,-12.079838,-77.145715,6,0,,
411,Tienda Sim 0411,Zona 5,-12.027766,-76.94976,1,0,,
412,Tienda Sim 0412,Zona 5,-12.030111,-76.945015,6,0,14:00,18:00
413,Tienda Sim 0413,Zona 1,-12.037746,-77.036466,3,0,,
414,Tienda Sim 0414,Zona 7,-11.927445,-76.999006,4,0,,
415,Tienda Sim 0415,Zona 1,-12.028522,-77.071446,6,0,,
416,Tienda Sim 0416,Zona 2,-12.11196,-77.009453,1,0,,
417,Tienda Sim 0417,Zona 1,-12.024351,-77.050679,1,0,,
418,Tienda Sim 0418,Zona 6,-12.139031,-76.953301,4,0,,
419,Tienda Sim 0419,Zona 1,-11.999695,-77.0565,8,0,,
420,Tienda Sim 0420,Zona 8,-12.079133,-77.11551,1,0,,
421,Tienda Sim 0421,Zona 5,-12.058824,-76.96602,7,0,,
422,Tienda Sim 0422,Zona 1,-12.095728,-77.050825,1,0,,
423,Tienda Sim 0423,Zona 1,-12.039352,-77.051878,4,0,,
424,Tienda Sim 0424,Zona 1,-12.011163,-77.042759,4,0,,
425,Tienda Sim 0425,Zona 5,-12.026761,-76.945294,4,0,,
426,Tienda Sim 0426,Zona 6,-12.145125,-76.964974,1,0,,
427,Tienda Sim 0427,Zona 2,-12.095362,-77.028993,7,0,,
428,Tienda Sim 0428,Zona 7,-11.93107,-77.033406,3,0,,
429,Tienda Sim 0429,Zona 1,-12.051189,-77.03571,7,0,,
430,Tienda Sim 0430,Zona 6,-12.119781,-76.974867,6,0,,
431,Tienda Sim 0431,Zona 8,-12.06245,-77.08736,5,0,,
432,Tienda Sim 0432,Zona 6,-12.139475,-76.969789,3,0,,
433,Tienda Sim 0433,Zona 5,-12.092901,-76.940699,6,0,,
434,Tienda Sim 0434,Zona 7,-11.979951,-77.013541,8,0,,
435,Tienda Sim 0435,Zona 1,-12.042949,-77.025006,8,0,,
436,Tienda Sim 0436,Zona 2,-12.136238,-77.057945,8,0,,
437,Tienda Sim 0437,Zona 1,-12.041306,-77.043605,2,0,,
438,Tienda Sim 0438,Zona 4,-11.998848,-77.058476,5,0,,
439,Tienda Sim 0439,Zona 6,-12.110186,-76.954979,4,0,,
440,Tienda Sim 0440,Zona 5,-12.031109,-76.934809,8,0,,
441,Tienda Sim 0441,Zona 7,-11.91337,-77.043421,8,0,09:00,13:00
442,Tienda Sim 0442,Zona 1,-12.082986,-77.046395,7,0,,
443,Tienda Sim 0443,Zona 6,-12.145389,-76.987456,2,0,,
444,Tienda Sim 0444,Zona 1,-12.049175,-77.055452,3,0,,
445,Tienda Sim 0445,Zona 2,-12.092963,-77.01651,6,0,09:00,13:00
446,Tienda Sim 0446,Zona 5,-12.038272,-76.938811,6,0,,
447,Tienda Sim 0447,Zona 8,-12.07067,-77.106444,3,0,,
448,Tienda Sim 0448,Zona 5,-12.071333,-76.989356,2,0,,
449,Tienda Sim 0449,Zona 1,-12.043299,-77.037168,2,0,14:00,18:00
450,Tienda Sim 0450,Zona 5,-12.028233,-76.921716,6,0,,
451,Tienda Sim 0451,Zona 1,-12.01774,-77.060964,4,0,09:00,13:00
452,Tienda Sim 0452,Zona 7,-11.946341,-77.031354,4,0,,
453,Tienda Sim 0453,Zona 5,-12.004426,-76.923358,7,0,,
454,Tienda Sim 0454,Zona 1,-12.025851,-77.04998,1,0,,
455,Tienda Sim 0455,Zona 1,-12.061898,-77.0288,7,0,,
456,Tienda Sim 0456,Zona 1,-12.065812,-77.047292,3,0,,
457,Tienda Sim 0457,Zona 8,-12.072066,-77.081328,8,0,,
458,Tienda Sim 0458,Zona 3,-12.206385,-76.993906,8,0,14:00,18:00
459,Tienda Sim 0459,Zona 6,-12.15092,-76.982582,5,0,,
460,Tienda Sim 0460,Zona 5,-12.049233,-76.951561,3,0,,
461,Tienda Sim 0461,Zona 4,-11.994927,-77.045774,2,0,,
462,Tienda Sim 0462,Zona 1,-12.073592,-77.052306,2,0,,
463,Tienda Sim 0463,Zona 8,-12.057687,-77.121054,8,0,,
464,Tienda Sim 0464,Zona 2,-12.148959,-77.017966,2,0,,
465,Tienda Sim 0465,Zona 4,-11.969784,-77.06081,4,0,,
466,Tienda Sim 0466,Zona 5,-12.085295,-76.937293,4,0,,
467,Tienda Sim 0467,Zona 5,-12.079878,-76.944442,6,0,,
468,Tienda Sim 0468,Zona 8,-12.085974,-77.130877,7,0,,
469,Tienda Sim 0469,Zona 1,-12.053954,-77.046299,5,0,,
470,Tienda Sim 0470,Zona 4,-12.001596,-77.049403,7,0,,
471,Tienda Sim 0471,Zona 3,-12.208029,-76.932357,5,0,,
472,Tienda Sim 0472,Zona 4,-11.984939,-77.072556,4,0,,
473,Tienda Sim 0473,Zona 1,-12.061587,-77.072655,2,0,,
474,Tienda Sim 0474,Zona 1,-12.040767,-77.049383,2,0,,
475,Tienda Sim 0475,Zona 2,-12.1627,-77.039643,4,0,,
476,Tienda Sim 0476,Zona 2,-12.136219,-77.001638,1,0,,
477,Tienda Sim 0477,Zona 3,-12.23065,-76.975944,3,0,,
478,Tienda Sim 0478,Zona 5,-12.030021,-76.925578,4,0,,
479,Tienda Sim 0479,Zona 5,-12.06341,-76.961378,4,0,,
480,Tienda Sim 0480,Zona 3,-12.188908,-76.991888,7,0,,
481,Tienda Sim 0481,Zona 3,-12.233501,-76.955053,8,0,,
482,Tienda Sim 0482,Zona 2,-12.092102,-77.037843,6,0,,
483,Tienda Sim 0483,Zona 4,-11.988183,-77.039592,1,0,14:00,18:00
484,Tienda Sim 0484,Zona 2,-12.082076,-77.040383,4,0,,
485,Tienda Sim 0485,Zona 1,-12.046303,-77.010203,6,0,,
486,Tienda Sim 0486,Zona 3,-12.2274,-76.931504,5,0,,
487,Tienda Sim 0487,Zona 4,-12.00833,-77.058155,4,0,,
488,Tienda Sim 0488,Zona 2,-12.124367,-77.047244,4,0,,
489,Tienda Sim 0489,Zona 4,-12.007696,-77.055025,4,0,,
490,Tienda Sim 0490,Zona 4,-11.97208,-77.062335,5,0,,
491,Tienda Sim 0491,Zona 5,-12.048738,-76.939719,2,0,,
492,Tienda Sim 0492,Zona 5,-12.067489,-76.936686,5,0,09:00,13:00
493,Tienda Sim 0493,Zona 5,-12.035252,-76.903135,2,0,,
494,Tienda Sim 0494,Zona 2,-12.12677,-77.038245,6,0,,
495,Tienda Sim 0495,Zona 6,-12.146159,-76.955256,7,0,,
496,Tienda Sim 0496,Zona 4,-11.999632,-77.067257,5,0,,
497,Tienda Sim 0497,Zona 3,-12.19026,-76.964897,4,0,,
498,Tienda Sim 0498,Zona 5,-12.05739,-76.948387,8,0,,
499,Tienda Sim 0499,Zona 3,-12.182073,-76.960883,6,0,,
500,Tienda Sim 0500,Zona 4,-12.023163,-77.094499,4,0,,
501,Tienda Sim 0501,Zona 6,-12.182669,-76.993637,1,0,,
502,Tienda Sim 0502,Zona 7,-11.942783,-77.0614,1,0,,
503,Tienda Sim 0503,Zona 8,-12.08265,-77.123934,2,0,,
504,Tienda Sim 0504,Zona 4,-11.997929,-77.036195,2,0,,
505,Tienda Sim 0505,Zona 4,-11.978085,-77.05971,6,0,,
506,Tienda Sim 0506,Zona 6,-12.168298,-76.977798,5,0,09:00,13:00
507,Tienda Sim 0507,Zona 2,-12.114101,-77.019485,8,0,09:00,13:00
508,Tienda Sim 0508,Zona 7,-11.956337,-77.039343,5,0,,
509,Tienda Sim 0509,Zona 4,-12.026569,-77.056189,8,0,,
510,Tienda Sim 0510,Zona 1,-12.032281,-77.048041,5,0,,
511,Tienda Sim 0511,Zona 1,-12.013303,-77.058862,3,0,,
512,Tienda Sim 0512,Zona 7,-11.936086,-77.040645,6,0,,
513,Tienda Sim 0513,Zona 1,-12.047805,-77.045058,4,0,,
514,Tienda Sim 0514,Zona 2,-12.118072,-77.014737,3,0,,
515,Tienda Sim 0515,Zona 3,-12.175201,-76.950041,4,0,,
516,Tienda Sim 0516,Zona 1,-12.031324,-77.055632,6,0,,
517,Tienda Sim 0517,Zona 2,-12.106213,-77.043716,4,0,,
518,Tienda Sim 0518,Zona 6,-12.140368,-76.930208,6,0,,
519,Tienda Sim 0519,Zona 1,-12.048198,-77.082466,8,0,,
520,Tienda Sim 0520,Zona 7,-11.949865,-77.017826,4,0,,
521,Tienda Sim 0521,Zona 7,-11.930045,-77.03552,3,0,,
522,Tienda Sim 0522,Zona 3,-12.181844,-76.94128,4,0,,
523,Tienda Sim 0523,Zona 1,-12.024081,-77.02645,7,0,,
524,Tienda Sim 0524,Zona 5,-12.022609,-76.943542,2,0,,
525,Tienda Sim 0525,Zona 1,-12.029705,-77.048528,8,0,,
526,Tienda Sim 0526,Zona 3,-12.210826,-76.919278,4,0,,
527,Tienda Sim 0527,Zona 8,-12.066108,-77.095512,7,0,,
528,Tienda Sim 0528,Zona 8,-12.067773,-77.120557,7,0,,
529,Tienda Sim 0529,Zona 6,-12.159802,-76.944152,7,0,14:00,18:00
530,Tienda Sim 0530,Zona 2,-12.110006,-77.060807,8,0,,
531,Tienda Sim 0531,Zona 5,-12.053874,-76.917919,2,0,,
532,Tienda Sim 0532,Zona 5,-12.053848,-76.982409,5,0,,
533,Tienda Sim 0533,Zona 3,-12.165925,-76.937717,1,0,,
534,Tienda Sim 0534,Zona 5,-12.05126,-76.956686,3,0,,
535,Tienda Sim 0535,Zona 1,-12.026518,-77.052756,1,0,,
536,Tienda Sim 0536,Zona 2,-12.099331,-77.02024,6,0,09:00,13:00
537,Tienda Sim 0537,Zona 4,-11.985596,-77.057381,5,0,,
538,Tienda Sim 0538,Zona 1,-12.049149,-77.024178,6,1,,
539,Tienda Sim 0539,Zona 1,-12.061576,-77.072195,2,0,,
540,Tienda Sim 0540,Zona 7,-11.92894,-77.028638,3,0,,
541,Tienda Sim 0541,Zona 8,-12.061356,-77.102661,6,0,,
542,Tienda Sim 0542,Zona 4,-11.99577,-77.045825,7,0,,
543,Tienda Sim 0543,Zona 7,-11.94082,-77.048768,8,0,,
544,Tienda Sim 0544,Zona 8,-12.075614,-77.073628,1,0,,
545,Tienda Sim 0545,Zona 1,-12.07723,-77.034004,4,0,,
546,Tienda Sim 0546,Zona 3,-12.230224,-76.951948,1,0,,
547,Tienda Sim 0547,Zona 3,-12.207805,-76.987531,7,0,,
548,Tienda Sim 0548,Zona 1,-12.038997,-77.049841,1,0,,
549,Tienda Sim 0549,Zona 6,-12.197786,-76.954888,7,0,,
550,Tienda Sim 0550,Zona 3,-12.17417,-76.923178,2,0,,
551,Tienda Sim 0551,Zona 3,-12.193539,-76.949171,1,0,,
552,Tienda Sim 0552,Zona 1,-12.022093,-77.012717,8,0,,
553,Tienda Sim 0553,Zona 1,-12.025596,-77.059948,4,0,,
554,Tienda Sim 0554,Zona 8,-12.066376,-77.102089,4,0,,
555,Tienda Sim 0555,Zona 1,-12.078573,-77.034552,6,0,,
556,Tienda Sim 0556,Zona 2,-12.079086,-77.018481,3,0,,
557,Tienda Sim 0557,Zona 2,-12.093479,-77.026708,6,0,,
558,Tienda Sim 0558,Zona 4,-11.991318,-77.053137,4,0,,
559,Tienda Sim 0559,Zona 4,-12.004685,-77.077348,3,0,,
560,Tienda Sim 0560,Zona 4,-11.967207,-77.035298,4,0,,
561,Tienda Sim 0561,Zona 1,-12.06384,-77.025576,1,0,,
562,Tienda Sim 0562,Zona 2,-12.121565,-77.023883,3,0,14:00,18:00
563,Tienda Sim 0563,Zona 7,-11.931716,-77.022102,5,0,,
564,Tienda Sim 0564,Zona 5,-12.048511,-76.924617,2,0,,
565,Tienda Sim 0565,Zona 5,-12.044431,-76.938765,1,0,,
566,Tienda Sim 0566,Zona 5,-12.064999,-76.911144,6,0,,
567,Tienda Sim 0567,Zona 6,-12.151543,-76.957166,4,0,,
568,Tienda Sim 0568,Zona 1,-12.074947,-77.057809,2,0,,
569,Tienda Sim 0569,Zona 3,-12.177718,-76.944836,6,0,09:00,13:00
570,Tienda Sim 0570,Zona 4,-12.024448,-77.041311,7,0,,
571,Tienda Sim 0571,Zona 3,-12.209788,-76.924596,1,0,,
572,Tienda Sim 0572,Zona 7,-11.941581,-77.036315,2,0,,
573,Tienda Sim 0573,Zona 4,-11.968779,-77.076155,3,0,,
574,Tienda Sim 0574,Zona 6,-12.177871,-76.973537,6,0,14:00,18:00
575,Tienda Sim 0575,Zona 7,-11.925111,-77.063956,1,0,,
576,Tienda Sim 0576,Zona 4,-12.020025,-77.045173,7,0,,
577,Tienda Sim 0577,Zona 8,-12.080854,-77.11706,3,0,14:00,18:00
578,Tienda Sim 0578,Zona 4,-12.023423,-77.072222,2,0,,
579,Tienda Sim 0579,Zona 7,-11.940136,-77.023253,7,0,,
580,Tienda Sim 0580,Zona 3,-12.213882,-76.920167,1,1,,
581,Tienda Sim 0581,Zona 4,-12.002322,-77.072296,2,0,,
582,Tienda Sim 0582,Zona 4,-11.962328,-77.056194,8,0,,
583,Tienda Sim 0583,Zona 1,-12.055936,-77.045792,5,0,,
584,Tienda Sim 0584,Zona 3,-12.175645,-76.923608,4,0,,
585,Tienda Sim 0585,Zona 8,-12.084702,-77.110764,6,0,,
586,Tienda Sim 0586,Zona 5,-12.048377,-76.967752,6,0,,
587,Tienda Sim 0587,Zona 1,-12.047002,-77.042904,5,1,,
588,Tienda Sim 0588,Zona 3,-12.179476,-76.928266,1,0,,
589,Tienda Sim 0589,Zona 1,-12.051926,-77.046851,5,0,,
590,Tienda Sim 0590,Zona 1,-12.034043,-77.053533,3,0,,
591,Tienda Sim 0591,Zona 8,-12.059404,-77.111582,7,0,09:00,13:00
592,Tienda Sim 0592,Zona 3,-12.217449,-76.967223,5,0,,
593,Tienda Sim 0593,Zona 2,-12.093953,-77.032816,1,0,,
594,Tienda Sim 0594,Zona 4,-11.960474,-77.069245,8,0,,
595,Tienda Sim 0595,Zona 1,-12.040758,-76.999932,3,0,,
596,Tienda Sim 0596,Zona 2,-12.139033,-77.064161,3,0,,
597,Tienda Sim 0597,Zona 5,-12.026841,-76.964883,8,0,,
598,Tienda Sim 0598,Zona 5,-12.050373,-76.960547,7,0,,
599,Tienda Sim 0599,Zona 8,-12.065173,-77.12711,7,0,,
600,Tienda Sim 0600,Zona 5,-12.053239,-76.941903,6,0,,
601,Tienda Sim 0601,Zona 4,-12.00815,-77.072602,8,0,,
602,Tienda Sim 0602,Zona 6,-12.166253,-76.995719,1,0,,
603,Tienda Sim 0603,Zona 8,-12.077606,-77.107862,5,0,,
604,Tienda Sim 0604,Zona 6,-12.167192,-76.974885,3,0,,
605,Tienda Sim 0605,Zona 8,-12.070358,-77.121803,4,0,,
606,Tienda Sim 0606,Zona 6,-12.147561,-76.944152,2,0,,
607,Tienda Sim 0607,Zona 7,-11.948359,-77.031266,2,1,,
608,Tienda Sim 0608,Zona 1,-12.050313,-77.036421,4,0,,
609,Tienda Sim 0609,Zona 6,-12.131816,-76.960844,8,0,,
610,Tienda Sim 0610,Zona 3,-12.231921,-76.941828,6,0,,
611,Tienda Sim 0611,Zona 4,-11.967808,-77.063989,3,0,,
612,Tienda Sim 0612,Zona 5,-12.032079,-76.962422,4,0,,
613,Tienda Sim 0613,Zona 8,-12.09674,-77.107459,5,0,,
614,Tienda Sim 0614,Zona 8,-12.101617,-77.114316,2,0,,
615,Tienda Sim 0615,Zona 2,-12.096837,-77.064376,5,0,,
616,Tienda Sim 0616,Zona 6,-12.183031,-76.988577,6,0,,
617,Tienda Sim 0617,Zona 6,-12.16114,-76.976583,2,0,,
618,Tienda Sim 0618,Zona 3,-12.174816,-76.932822,5,0,,
619,Tienda Sim 0619,Zona 1,-12.037085,-77.040379,6,0,,
620,Tienda Sim 0620,Zona 1,-12.038922,-77.058516,5,0,14:00,18:00
621,Tienda Sim 0621,Zona 6,-12.14457,-76.990017,3,0,,
622,Tienda Sim 0622,Zona 4,-11.974963,-77.038649,5,0,,
623,Tienda Sim 0623,Zona 8,-12.066204,-77.113172,7,0,,
624,Tienda Sim 0624,Zona 3,-12.192794,-77.001507,2,0,,
625,Tienda Sim 0625,Zona 8,-12.064559,-77.11204,5,0,,
626,Tienda Sim 0626,Zona 3,-12.200911,-76.937282,6,0,,
627,Tienda Sim 0627,Zona 6,-12.161346,-76.990524,3,0,,
628,Tienda Sim 0628,Zona 1,-12.048545,-77.041784,4,0,,
629,Tienda Sim 0629,Zona 4,-11.987931,-77.057085,8,0,,
630,Tienda Sim 0630,Zona 6,-12.141291,-76.989549,3,0,14:00,18:00
631,Tienda Sim 0631,Zona 8,-12.066837,-77.086781,5,0,,
632,Tienda Sim 0632,Zona 7,-11.971223,-77.036766,2,0,,
633,Tienda Sim 0633,Zona 1,-12.056537,-77.049673,8,0,,
634,Tienda Sim 0634,Zona 3,-12.216287,-76.953052,5,0,,
635,Tienda Sim 0635,Zona 1,-12.012857,-77.06576,7,0,,
636,Tienda Sim 0636,Zona 1,-12.067053,-77.066435,5,0,,
637,Tienda Sim 0637,Zona 5,-12.018906,-76.958322,3,0,,
638,Tienda Sim 0638,Zona 5,-12.050462,-76.95725,3,0,,
639,Tienda Sim 0639,Zona 6,-12.177,-76.974233,6,0,,
640,Tienda Sim 0640,Zona 7,-11.895752,-77.014943,7,0,,
641,Tienda Sim 0641,Zona 6,-12.175353,-76.958344,2,0,,
642,Tienda Sim 0642,Zona 6,-12.174967,-77.001975,7,0,,
643,Tienda Sim 0643,Zona 1,-12.027649,-77.022118,7,0,,
644,Tienda Sim 0644,Zona 2,-12.101171,-77.038458,1,0,,
645,Tienda Sim 0645,Zona 5,-12.053002,-76.936504,1,0,,
646,Tienda Sim 0646,Zona 7,-11.932953,-77.047085,6,1,,
647,Tienda Sim 0647,Zona 1,-12.075143,-77.04095,7,0,,
648,Tienda Sim 0648,Zona 4,-11.970578,-77.081557,4,0,14:00,18:00
649,Tienda Sim 0649,Zona 5,-12.038502,-76.944032,6,0,,
650,Tienda Sim 0650,Zona 1,-12.032497,-77.027304,8,0,,
651,Tienda Sim 0651,Zona 3,-12.2125,-76.979105,3,0,09:00,13:00
652,Tienda Sim 0652,Zona 7,-11.949603,-77.023996,2,0,,
653,Tienda Sim 0653,Zona 5,-12.059756,-76.962493,8,0,,
654,Tienda Sim 0654,Zona 2,-12.152784,-76.998452,3,0,,
655,Tienda Sim 0655,Zona 7,-11.925137,-77.026142,4,0,,
656,Tienda Sim 0656,Zona 3,-12.182581,-76.939619,4,0,,
657,Tienda Sim 0657,Zona 7,-11.944398,-77.042948,5,0,,
658,Tienda Sim 0658,Zona 2,-12.127696,-76.982575,3,0,,
659,Tienda Sim 0659,Zona 4,-11.979994,-77.068348,6,0,,
660,Tienda Sim 0660,Zona 3,-12.191621,-76.968196,6,0,,
661,Tienda Sim 0661,Zona 2,-12.092919,-77.041899,2,0,,
662,Tienda Sim 0662,Zona 7,-11.93098,-77.020812,4,0,,
663,Tienda Sim 0663,Zona 1,-12.039074,-77.0413,1,0,,
664,Tienda Sim 0664,Zona 1,-12.045806,-77.044016,2,0,,
665,Tienda Sim 0665,Zona 3,-12.210381,-76.958091,8,0,,
666,Tienda Sim 0666,Zona 5,-12.023367,-76.951954,5,0,,
667,Tienda Sim 0667,Zona 6,-12.174144,-76.979293,5,0,,
668,Tienda Sim 0668,Zona 8,-12.050193,-77.097839,8,0,,
669,Tienda Sim 0669,Zona 2,-12.109914,-77.034635,6,0,,
670,Tienda Sim 0670,Zona 3,-12.189679,-76.961584,7,0,,
671,Tienda Sim 0671,Zona 1,-12.050673,-77.025544,6,0,,
672,Tienda Sim 0672,Zona 4,-11.974263,-77.077674,4,0,,
673,Tienda Sim 0673,Zona 8,-12.085399,-77.108043,6,0,14:00,18:00
674,Tienda Sim 0674,Zona 5,-12.01893,-76.98448,3,0,,
675,Tienda Sim 0675,Zona 4,-11.98499,-77.084769,8,0,09:00,13:00
676,Tienda Sim 0676,Zona 3,-12.211418,-76.95656,2,0,,
677,Tienda Sim 0677,Zona 8,-12.077569,-77.119608,8,0,,
678,Tienda Sim 0678,Zona 4,-11.98987,-77.069635,8,0,,
679,Tienda Sim 0679,Zona 1,-12.072324,-77.028962,2,0,,
680,Tienda Sim 0680,Zona 3,-12.186448,-76.934823,6,0,,
681,Tienda Sim 0681,Zona 1,-12.073733,-77.037619,8,0,,
682,Tienda Sim 0682,Zona 2,-12.107832,-77.048562,5,0,,
683,Tienda Sim 0683,Zona 1,-12.045835,-77.045093,3,0,,
684,Tienda Sim 0684,Zona 3,-12.166841,-76.915359,8,0,,
685,Tienda Sim 0685,Zona 5,-12.079958,-76.905109,5,0,14:00,18:00
686,Tienda Sim 0686,Zona 3,-12.216474,-76.932348,1,0,,
687,Tienda Sim 0687,Zona 3,-12.182531,-76.967922,2,0,,
688,Tienda Sim 0688,Zona 8,-12.061121,-77.111936,6,0,,
689,Tienda Sim 0689,Zona 6,-12.150022,-76.965848,4,0,,
690,Tienda Sim 0690,Zona 4,-11.968466,-77.058643,2,0,,
691,Tienda Sim 0691,Zona 2,-12.123022,-77.010271,7,0,,
692,Tienda Sim 0692,Zona 7,-11.929553,-77.026827,1,0,,
693,Tienda Sim 0693,Zona 2,-12.131963,-77.048815,2,0,,
694,Tienda Sim 0694,Zona 3,-12.210219,-76.961175,4,0,,
695,Tienda Sim 0695,Zona 8,-12.055848,-77.092432,1,0,,
696,Tienda Sim 0696,Zona 4,-11.992792,-77.034243,4,0,,
697,Tienda Sim 0697,Zona 6,-12.135368,-76.965619,8,0,,
698,Tienda Sim 0698,Zona 4,-12.004794,-77.031643,8,1,14:00,18:00
699,Tienda Sim 0699,Zona 5,-12.051098,-76.947729,7,0,,
700,Tienda Sim 0700,Zona 2,-12.126113,-77.046016,3,0,,
701,Tienda Sim 0701,Zona 2,-12.146436,-77.018608,1,0,,
702,Tienda Sim 0702,Zona 3,-12.214101,-76.894928,7,0,,
703,Tienda Sim 0703,Zona 1,-12.065549,-77.065633,3,0,,
704,Tienda Sim 0704,Zona 7,-11.930818,-77.012472,6,0,,
705,Tienda Sim 0705,Zona 2,-12.118837,-77.0197,1,0,14:00,18:00
706,Tienda Sim 0706,Zona 4,-12.023184,-77.072195,6,0,09:00,13:00
707,Tienda Sim 0707,Zona 6,-12.179325,-77.004111,5,0,,
708,Tienda Sim 0708,Zona 6,-12.157894,-77.010371,8,0,,
709,Tienda Sim 0709,Zona 3,-12.2238,-76.959669,1,0,,
710,Tienda Sim 0710,Zona 4,-12.004963,-77.052865,4,0,,
711,Tienda Sim 0711,Zona 8,-12.0645,-77.093912,8,0,,
712,Tienda Sim 0712,Zona 5,-12.036457,-76.929465,4,0,,
713,Tienda Sim 0713,Zona 6,-12.160035,-76.964538,6,0,,
714,Tienda Sim 0714,Zona 8,-12.060793,-77.10745,2,0,,
715,Tienda Sim 0715,Zona 6,-12.167149,-76.975984,6,0,,
716,Tienda Sim 0716,Zona 1,-12.060716,-77.035411,3,0,,
717,Tienda Sim 0717,Zona 4,-11.991692,-77.071937,5,0,,
718,Tienda Sim 0718,Zona 1,-12.05792,-77.064787,8,0,,
719,Tienda Sim 0719,Zona 5,-12.032381,-76.948585,6,1,14:00,18:00
720,Tienda Sim 0720,Zona 8,-12.08553,-77.095446,4,0,,
721,Tienda Sim 0721,Zona 4,-12.000088,-77.085317,2,0,,
722,Tienda Sim 0722,Zona 3,-12.181618,-76.959668,3,0,,
723,Tienda Sim 0723,Zona 1,-12.05336,-77.042259,7,0,,
724,Tienda Sim 0724,Zona 8,-12.049433,-77.109639,2,0,,
725,Tienda Sim 0725,Zona 1,-12.067584,-77.03321,6,0,,
726,Tienda Sim 0726,Zona 1,-12.05473,-77.009017,4,0,,
727,Tienda Sim 0727,Zona 2,-12.12002,-77.070231,3,1,,
728,Tienda Sim 0728,Zona 1,-12.039567,-77.007997,6,0,,
729,Tienda Sim 0729,Zona 3,-12.171633,-76.917043,3,0,,
730,Tienda Sim 0730,Zona 4,-12.008356,-77.043581,3,0,,
731,Tienda Sim 0731,Zona 2,-12.132996,-77.025963,5,0,,
732,Tienda Sim 0732,Zona 1,-12.068913,-77.0546,7,0,,
733,Tienda Sim 0733,Zona 1,-12.058172,-77.026826,7,0,09:00,13:00
734,Tienda Sim 0734,Zona 3,-12.185587,-76.945017,6,0,,
735,Tienda Sim 0735,Zona 1,-12.070308,-77.04861,6,0,09:00,13:00
736,Tienda Sim 0736,Zona 5,-12.06343,-76.934346,7,0,,
737,Tienda Sim 0737,Zona 2,-12.098793,-77.010985,3,0,,
738,Tienda Sim 0738,Zona 2,-12.133594,-77.079312,3,0,,
739,Tienda Sim 0739,Zona 3,-12.231805,-76.924411,4,0,,
740,Tienda Sim 0740,Zona 3,-12.207223,-76.963513,6,1,,
741,Tienda Sim 0741,Zona 1,-12.016432,-77.020227,6,0,,
742,Tienda Sim 0742,Zona 1,-12.04556,-77.048281,2,0,,
743,Tienda Sim 0743,Zona 7,-11.942378,-77.035911,7,0,,
744,Tienda Sim 0744,Zona 1,-12.017199,-77.035396,3,0,,
745,Tienda Sim 0745,Zona 4,-11.976931,-77.038953,8,0,,
746,Tienda Sim 0746,Zona 4,-12.011054,-77.046412,6,0,,
747,Tienda Sim 0747,Zona 3,-12.205302,-76.99529,8,0,,
748,Tienda Sim 0748,Zona 3,-12.238307,-76.968326,6,0,,
749,Tienda Sim 0749,Zona 6,-12.150438,-76.967952,5,0,,
750,Tienda Sim 0750,Zona 7,-11.936681,-77.004883,2,0,,
751,Tienda Sim 0751,Zona 2,-12.142844,-77.030494,4,0,,
752,Tienda Sim 0752,Zona 3,-12.19452,-76.963253,7,0,09:00,13:00
753,Tienda Sim 0753,Zona 2,-12.11949,-77.058799,4,0,,
754,Tienda Sim 0754,Zona 4,-11.964622,-77.072269,1,0,,
755,Tienda Sim 0755,Zona 5,-12.013435,-76.950585,2,0,,
756,Tienda Sim 0756,Zona 2,-12.101495,-77.030959,5,0,,
757,Tienda Sim 0757,Zona 3,-12.200553,-76.960513,6,0,,
758,Tienda Sim 0758,Zona 8,-12.067856,-77.104276,8,1,14:00,18:00
759,Tienda Sim 0759,Zona 1,-12.060117,-77.045251,8,0,,
760,Tienda Sim 0760,Zona 3,-12.210982,-76.908606,5,0,14:00,18:00
761,Tienda Sim 0761,Zona 5,-12.051615,-76.922186,5,0,,
762,Tienda Sim 0762,Zona 1,-12.049521,-77.038333,7,0,,
763,Tienda Sim 0763,Zona 1,-12.069785,-77.051047,1,0,14:00,18:00
764,Tienda Sim 0764,Zona 1,-12.04221,-77.014452,5,0,09:00,13:00
765,Tienda Sim 0765,Zona 8,-12.066004,-77.085093,4,0,,
766,Tienda Sim 0766,Zona 1,-12.034467,-77.013707,7,0,,
767,Tienda Sim 0767,Zona 1,-12.047063,-76.999976,7,0,,
768,Tienda Sim 0768,Zona 1,-12.054737,-77.056796,6,0,,
769,Tienda Sim 0769,Zona 1,-12.067781,-77.001042,6,0,,
770,Tienda Sim 0770,Zona 5,-12.03525,-76.956014,6,0,,
771,Tienda Sim 0771,Zona 2,-12.097518,-77.017622,5,0,,
772,Tienda Sim 0772,Zona 4,-11.95461,-77.087861,2,0,,
773,Tienda Sim 0773,Zona 4,-11.994776,-77.068325,3,0,,
774,Tienda Sim 0774,Zona 7,-11.975526,-77.020914,6,0,,
775,Tienda Sim 0775,Zona 1,-12.050867,-77.029687,5,0,,
776,Tienda Sim 0776,Zona 7,-11.897524,-77.046358,2,0,,
777,Tienda Sim 0777,Zona 5,-12.057581,-76.947864,8,0,,
778,Tienda Sim 0778,Zona 1,-12.02823,-77.053201,8,0,,
779,Tienda Sim 0779,Zona 6,-12.171357,-76.950971,6,0,,
780,Tienda Sim 0780,Zona 7,-11.933184,-77.076805,2,0,,
781,Tienda Sim 0781,Zona 2,-12.142057,-77.002978,8,0,,
782,Tienda Sim 0782,Zona 8,-12.062765,-77.12372,2,0,,
783,Tienda Sim 0783,Zona 3,-12.203067,-76.949762,4,0,,
784,Tienda Sim 0784,Zona 5,-12.036757,-76.974449,7,0,,
785,Tienda Sim 0785,Zona 8,-12.085137,-77.105087,5,0,,
786,Tienda Sim 0786,Zona 3,-12.201797,-76.939707,2,0,,
787,Tienda Sim 0787,Zona 6,-12.182131,-76.963572,1,0,,
788,Tienda Sim 0788,Zona 2,-12.100351,-77.021237,3,0,,
789,Tienda Sim 0789,Zona 6,-12.157496,-76.971726,6,0,,
790,Tienda Sim 0790,Zona 5,-12.065027,-76.951296,6,0,,
791,Tienda Sim 0791,Zona 2,-12.097325,-77.032143,2,0,,
792,Tienda Sim 0792,Zona 3,-12.216016,-76.95886,2,0,,
793,Tienda Sim 0793,Zona 2,-12.116385,-77.036723,6,0,09:00,13:00
794,Tienda Sim 0794,Zona 1,-12.037265,-77.033589,2,0,,
795,Tienda Sim 0795,Zona 1,-12.029998,-77.017376,1,0,,
796,Tienda Sim 0796,Zona 3,-12.182075,-76.966816,4,0,,
797,Tienda Sim 0797,Zona 1,-12.062264,-77.044364,5,0,,
798,Tienda Sim 0798,Zona 1,-12.054121,-77.06349,2,0,,
799,Tienda Sim 0799,Zona 6,-12.16795,-76.978541,2,0,,
800,Tienda Sim 0800,Zona 5,-12.062093,-76.955684,2,0,,
801,Tienda Sim 0801,Zona 6,-12.138788,-76.966414,3,0,,
802,Tienda Sim 0802,Zona 2,-12.075507,-77.026931,1,0,,
803,Tienda Sim 0803,Zona 7,-11.945221,-77.039926,1,0,,
804,Tienda Sim 0804,Zona 4,-11.985383,-77.052165,3,0,,
805,Tienda Sim 0805,Zona 1,-12.008619,-77.058216,1,1,,
806,Tienda Sim 0806,Zona 1,-12.030537,-77.03926,3,0,,
807,Tienda Sim 0807,Zona 5,-12.07828,-76.936127,5,0,,
808,Tienda Sim 0808,Zona 1,-12.023183,-77.058429,1,0,,
809,Tienda Sim 0809,Zona 4,-11.990161,-77.091056,5,0,,
810,Tienda Sim 0810,Zona 8,-12.092659,-77.091135,5,0,,
811,Tienda Sim 0811,Zona 1,-12.054395,-77.062958,5,0,14:00,18:00
812,Tienda Sim 0812,Zona 1,-12.04187,-77.052403,6,0,,
813,Tienda Sim 0813,Zona 8,-12.078475,-77.096692,7,1,,
814,Tienda Sim 0814,Zona 4,-12.010911,-77.076297,1,0,09:00,13:00
815,Tienda Sim 0815,Zona 1,-12.043227,-77.025551,2,0,,
816,Tienda Sim 0816,Zona 7,-11.917713,-77.051971,3,0,,
817,Tienda Sim 0817,Zona 7,-11.923127,-77.054115,6,0,,
818,Tienda Sim 0818,Zona 4,-11.957128,-77.080408,7,0,,
819,Tienda Sim 0819,Zona 5,-12.026087,-76.961817,8,0,,
820,Tienda Sim 0820,Zona 2,-12.083762,-77.019356,5,0,,
821,Tienda Sim 0821,Zona 1,-12.064288,-77.0524,4,0,14:00,18:00
822,Tienda Sim 0822,Zona 4,-11.975939,-77.041052,4,0,,
823,Tienda Sim 0823,Zona 2,-12.121273,-77.029196,1,0,,
824,Tienda Sim 0824,Zona 5,-12.03635,-76.947628,4,0,,
825,Tienda Sim 0825,Zona 7,-11.963283,-77.054634,5,0,,
826,Tienda Sim 0826,Zona 1,-12.041768,-77.021121,2,0,09:00,13:00
827,Tienda Sim 0827,Zona 4,-11.960912,-77.045968,7,0,,
828,Tienda Sim 0828,Zona 2,-12.114829,-77.016521,7,0,,
829,Tienda Sim 0829,Zona 7,-11.952002,-77.042758,3,0,,
830,Tienda Sim 0830,Zona 2,-12.134834,-77.052477,8,0,,
831,Tienda Sim 0831,Zona 5,-12.043996,-76.946661,1,0,,
832,Tienda Sim 0832,Zona 4,-11.977622,-77.05017,8,0,09:00,13:00
833,Tienda Sim 0833,Zona 3,-12.195632,-76.939981,7,0,,
834,Tienda Sim 0834,Zona 5,-12.050768,-76.942568,2,0,,
835,Tienda Sim 0835,Zona 6,-12.173071,-76.963345,6,0,,
836,Tienda Sim 0836,Zona 4,-11.977968,-77.072054,3,0,,
837,Tienda Sim 0837,Zona 6,-12.159067,-76.981225,7,0,,
838,Tienda Sim 0838,Zona 8,-12.079477,-77.130249,2,0,,
839,Tienda Sim 0839,Zona 3,-12.177216,-76.930818,2,0,14:00,18:00
840,Tienda Sim 0840,Zona 4,-11.980326,-77.0245,3,0,,
841,Tienda Sim 0841,Zona 1,-12.049406,-76.988428,2,0,,
842,Tienda Sim 0842,Zona 6,-12.164096,-76.965407,3,0,,
843,Tienda Sim 0843,Zona 4,-11.99716,-77.053298,5,0,,
844,Tienda Sim 0844,Zona 3,-12.184959,-76.95205,6,1,,
845,Tienda Sim 0845,Zona 1,-12.014019,-77.038695,5,0,,
846,Tienda Sim 0846,Zona 7,-11.935131,-77.056362,2,0,,
847,Tienda Sim 0847,Zona 3,-12.192467,-76.952412,2,0,,
848,Tienda Sim 0848,Zona 5,-12.060948,-76.963977,8,0,,
849,Tienda Sim 0849,Zona 1,-11.997908,-77.047743,3,0,,
850,Tienda Sim 0850,Zona 8,-12.096226,-77.122568,1,0,,
851,Tienda Sim 0851,Zona 1,-12.046928,-77.03316,4,0,,
852,Tienda Sim 0852,Zona 1,-12.036014,-77.030821,1,0,,
853,Tienda Sim 0853,Zona 7,-11.951607,-77.033872,3,0,,
854,Tienda Sim 0854,Zona 8,-12.085769,-77.121154,7,0,,
855,Tienda Sim 0855,Zona 2,-12.136519,-77.051391,3,0,,
856,Tienda Sim 0856,Zona 3,-12.180844,-76.937605,6,0,,
857,Tienda Sim 0857,Zona 6,-12.14242,-76.969292,4,0,,
858,Tienda Sim 0858,Zona 7,-11.926017,-77.071703,3,0,,
859,Tienda Sim 0859,Zona 3,-12.184464,-76.946812,6,0,,
860,Tienda Sim 0860,Zona 4,-11.978712,-77.05316,5,0,,
861,Tienda Sim 0861,Zona 6,-12.177767,-76.996965,3,0,,
862,Tienda Sim 0862,Zona 6,-12.172817,-76.959831,2,0,,
863,Tienda Sim 0863,Zona 6,-12.147578,-76.994623,8,0,,
864,Tienda Sim 0864,Zona 4,-12.00766,-77.073018,2,0,,
865,Tienda Sim 0865,Zona 1,-12.052431,-77.067517,8,0,,
866,Tienda Sim 0866,Zona 8,-12.095597,-77.124793,4,0,,
867,Tienda Sim 0867,Zona 7,-11.938447,-77.061251,8,0,,
868,Tienda Sim 0868,Zona 6,-12.162084,-76.950946,3,0,,
869,Tienda Sim 0869,Zona 1,-12.069432,-77.046716,5,0,,
870,Tienda Sim 0870,Zona 2,-12.101554,-77.037529,5,0,14:00,18:00
871,Tienda Sim 0871,Zona 6,-12.170326,-76.949057,3,0,,
872,Tienda Sim 0872,Zona 1,-12.051512,-77.023119,2,0,,
873,Tienda Sim 0873,Zona 8,-12.062279,-77.116171,5,0,,
874,Tienda Sim 0874,Zona 3,-12.191366,-76.944232,6,0,,
875,Tienda Sim 0875,Zona 5,-12.031624,-76.95987,3,0,,
876,Tienda Sim 0876,Zona 7,-11.939258,-77.041107,7,0,09:00,13:00
877,Tienda Sim 0877,Zona 3,-12.187325,-76.968453,6,0,,
878,Tienda Sim 0878,Zona 2,-12.101694,-77.021606,2,0,,
879,Tienda Sim 0879,Zona 5,-12.073705,-76.928251,8,0,,
880,Tienda Sim 0880,Zona 4,-11.949786,-77.041967,1,0,,
881,Tienda Sim 0881,Zona 3,-12.174314,-76.948463,6,0,,
882,Tienda Sim 0882,Zona 5,-12.079907,-76.983194,4,0,,
883,Tienda Sim 0883,Zona 8,-12.065409,-77.120656,6,0,,
884,Tienda Sim 0884,Zona 3,-12.216462,-76.951129,7,0,,
885,Tienda Sim 0885,Zona 1,-12.034919,-77.06915,6,0,,
886,Tienda Sim 0886,Zona 3,-12.20808,-76.922822,6,0,,
887,Tienda Sim 0887,Zona 3,-12.219355,-76.934344,7,0,,
888,Tienda Sim 0888,Zona 1,-12.054725,-77.033176,6,0,,
889,Tienda Sim 0889,Zona 1,-12.026248,-77.029657,7,0,,
890,Tienda Sim 0890,Zona 5,-12.033635,-76.970729,4,0,,
891,Tienda Sim 0891,Zona 3,-12.179954,-76.965348,2,0,,
892,Tienda Sim 0892,Zona 8,-12.065328,-77.105352,2,0,,
893,Tienda Sim 0893,Zona 2,-12.111268,-77.023935,5,0,,
894,Tienda Sim 0894,Zona 1,-12.061189,-77.067298,5,0,,
895,Tienda Sim 0895,Zona 6,-12.144298,-76.966655,1,0,,
896,Tienda Sim 0896,Zona 7,-11.919311,-77.040805,2,0,,
897,Tienda Sim 0897,Zona 2,-12.145293,-77.01261,8,0,,
898,Tienda Sim 0898,Zona 2,-12.126667,-77.023844,6,0,,
899,Tienda Sim 0899,Zona 1,-12.057654,-77.013403,7,0,,
900,Tienda Sim 0900,Zona 4,-12.005778,-77.066074,2,0,,
901,Tienda Sim 0901,Zona 3,-12.198066,-76.969659,1,0,14:00,18:00
902,Tienda Sim 0902,Zona 2,-12.114051,-77.000986,3,0,,
903,Tienda Sim 0903,Zona 1,-12.054828,-77.035887,7,0,,
904,Tienda Sim 0904,Zona 4,-12.03949,-77.060701,5,0,,
905,Tienda Sim 0905,Zona 8,-12.075635,-77.124733,7,0,,
906,Tienda Sim 0906,Zona 5,-12.030534,-76.955872,4,0,,
907,Tienda Sim 0907,Zona 4,-11.993195,-77.066789,4,0,,
908,Tienda Sim 0908,Zona 1,-12.080503,-77.063376,5,0,09:00,13:00
909,Tienda Sim 0909,Zona 2,-12.1027,-77.067979,8,0,,
910,Tienda Sim 0910,Zona 2,-12.133794,-77.037195,4,0,,
911,Tienda Sim 0911,Zona 6,-12.128615,-76.956165,5,0,,
912,Tienda Sim 0912,Zona 7,-11.950029,-77.016519,8,0,,
913,Tienda Sim 0913,Zona 8,-12.083329,-77.091836,3,0,,
914,Tienda Sim 0914,Zona 8,-12.09446,-77.090681,7,0,,
915,Tienda Sim 0915,Zona 8,-12.07731,-77.128513,5,0,,
916,Tienda Sim 0916,Zona 8,-12.073909,-77.105008,8,0,,
917,Tienda Sim 0917,Zona 1,-12.054905,-77.033029,4,0,,
918,Tienda Sim 0918,Zona 1,-12.056494,-77.031833,6,0,,
919,Tienda Sim 0919,Zona 2,-12.11204,-77.031097,3,0,,
920,Tienda Sim 0920,Zona 4,-11.997945,-77.057272,6,0,,
921,Tienda Sim 0921,Zona 1,-12.036095,-77.005888,3,0,,
922,Tienda Sim 0922,Zona 7,-11.92309,-77.022432,5,0,,
923,Tienda Sim 0923,Zona 5,-11.994407,-76.940713,7,0,,
924,Tienda Sim 0924,Zona 4,-11.981276,-77.047328,4,0,,
925,Tienda Sim 0925,Zona 1,-12.064161,-77.05099,4,0,,
926,Tienda Sim 0926,Zona 2,-12.129111,-77.018343,3,0,,
927,Tienda Sim 0927,Zona 1,-12.049135,-77.040512,6,0,,
928,Tienda Sim 0928,Zona 7,-11.920426,-77.024463,5,0,,
929,Tienda Sim 0929,Zona 4,-11.992911,-77.07206,5,0,,
930,Tienda Sim 0930,Zona 6,-12.139565,-76.95607,1,0,,
931,Tienda Sim 0931,Zona 2,-12.148913,-77.035637,1,0,,
932,Tienda Sim 0932,Zona 3,-12.197021,-76.935981,1,0,,
933,Tienda Sim 0933,Zona 3,-12.183618,-76.94489,7,0,,
934,Tienda Sim 0934,Zona 6,-12.149466,-76.968846,7,0,,
935,Tienda Sim 0935,Zona 6,-12.172129,-76.974703,1,0,,
936,Tienda Sim 0936,Zona 2,-12.119658,-77.030624,1,0,,
937,Tienda Sim 0937,Zona 8,-12.10394,-77.117155,7,0,,
938,Tienda Sim 0938,Zona 1,-12.044988,-77.048065,5,0,,
939,Tienda Sim 0939,Zona 7,-11.944443,-77.031216,3,0,,
940,Tienda Sim 0940,Zona 1,-12.065421,-77.072305,5,0,,
941,Tienda Sim 0941,Zona 2,-12.126267,-77.016246,2,0,,
942,Tienda Sim 0942,Zona 7,-11.909624,-77.025922,2,0,,
943,Tienda Sim 0943,Zona 1,-12.072429,-77.047183,3,0,14:00,18:00
944,Tienda Sim 0944,Zona 3,-12.195381,-76.946803,8,0,,
945,Tienda Sim 0945,Zona 3,-12.190293,-76.966507,7,0,,
946,Tienda Sim 0946,Zona 2,-12.118831,-77.022434,2,0,,
947,Tienda Sim 0947,Zona 5,-12.035138,-76.964503,5,0,,
948,Tienda Sim 0948,Zona 7,-11.946213,-77.088669,8,0,,
949,Tienda Sim 0949,Zona 7,-11.951186,-77.049439,8,0,,
950,Tienda Sim 0950,Zona 3,-12.218353,-76.947019,7,0,,
951,Tienda Sim 0951,Zona 4,-11.991007,-77.100666,2,0,14:00,18:00
952,Tienda Sim 0952,Zona 2,-12.116121,-77.04671,2,0,,
953,Tienda Sim 0953,Zona 2,-12.111258,-77.053073,2,0,,
954,Tienda Sim 0954,Zona 1,-12.04546,-77.048097,2,0,,
955,Tienda Sim 0955,Zona 8,-12.064544,-77.107755,2,1,,
956,Tienda Sim 0956,Zona 7,-11.944593,-77.067653,3,0,09:00,13:00
957,Tienda Sim 0957,Zona 6,-12.18659,-76.98051,5,0,,
958,Tienda Sim 0958,Zona 4,-11.990149,-77.070948,4,0,,
959,Tienda Sim 0959,Zona 4,-11.978746,-77.065026,4,1,,
960,Tienda Sim 0960,Zona 4,-12.00737,-77.065006,2,0,,
961,Tienda Sim 0961,Zona 4,-11.985935,-77.054152,2,0,,
962,Tienda Sim 0962,Zona 3,-12.166189,-76.96204,8,0,,
963,Tienda Sim 0963,Zona 1,-12.047323,-77.03533,5,0,,
964,Tienda Sim 0964,Zona 1,-12.046422,-77.052011,2,0,,
965,Tienda Sim 0965,Zona 8,-12.097887,-77.119195,7,0,,
966,Tienda Sim 0966,Zona 4,-12.009327,-77.091079,7,0,,
967,Tienda Sim 0967,Zona 8,-12.084322,-77.128848,8,0,,
968,Tienda Sim 0968,Zona 1,-12.035492,-77.03218,2,0,,
969,Tienda Sim 0969,Zona 4,-12.00627,-77.064684,6,0,,
970,Tienda Sim 0970,Zona 2,-12.153448,-77.038898,8,0,,
971,Tienda Sim 0971,Zona 2,-12.112818,-77.015151,7,0,,
972,Tienda Sim 0972,Zona 1,-12.058835,-77.024067,2,0,,
973,Tienda Sim 0973,Zona 1,-12.073282,-77.065457,8,0,,
974,Tienda Sim 0974,Zona 8,-12.057226,-77.07992,4,0,,
975,Tienda Sim 0975,Zona 3,-12.191118,-76.950726,4,0,,
976,Tienda Sim 0976,Zona 5,-12.089513,-76.986404,5,0,,
977,Tienda Sim 0977,Zona 3,-12.197671,-76.956445,7,0,,
978,Tienda Sim 0978,Zona 3,-12.219905,-76.94882,1,0,,
979,Tienda Sim 0979,Zona 4,-11.987928,-77.043001,5,0,,
980,Tienda Sim 0980,Zona 1,-12.043541,-77.020889,7,0,,
981,Tienda Sim 0981,Zona 8,-12.069856,-77.112076,5,0,,
982,Tienda Sim 0982,Zona 6,-12.140842,-76.987612,3,0,,
983,Tienda Sim 0983,Zona 6,-12.10934,-76.963245,1,0,,
984,Tienda Sim 0984,Zona 3,-12.193145,-76.940548,5,0,,
985,Tienda Sim 0985,Zona 1,-12.012212,-77.028735,6,0,,
986,Tienda Sim 0986,Zona 8,-12.098891,-77.084738,5,0,,
987,Tienda Sim 0987,Zona 3,-12.206136,-76.948071,8,0,,
988,Tienda Sim 0988,Zona 1,-12.069027,-77.033528,5,0,,
989,Tienda Sim 0989,Zona 3,-12.211725,-76.948197,5,0,,
990,Tienda Sim 0990,Zona 6,-12.165114,-76.93535,1,0,,
991,Tienda Sim 0991,Zona 5,-12.014319,-76.949163,5,0,,
992,Tienda Sim 0992,Zona 6,-12.158848,-76.976722,2,0,,
993,Tienda Sim 0993,Zona 6,-12.140092,-76.975921,6,0,,
994,Tienda Sim 0994,Zona 2,-12.127584,-77.012385,2,0,,
995,Tienda Sim 0995,Zona 8,-12.079689,-77.11068,8,0,14:00,18:00
996,Tienda Sim 0996,Zona 3,-12.228464,-76.937325,3,0,,
997,Tienda Sim 0997,Zona 5,-12.015064,-76.937018,4,0,,
998,Tienda Sim 0998,Zona 1,-12.019688,-77.05823,2,0,,
999,Tienda Sim 0999,Zona 8,-12.065746,-77.126977,2,0,,
1000,Tienda Sim 1000,Zona 2,-12.1241,-77.0161,8,0,,
1001,Tienda Sim 1001,Zona 1,-12.044167,-77.068428,3,0,,
1002,Tienda Sim 1002,Zona 3,-12.223671,-76.974861,5,0,,
1003,Tienda Sim 1003,Zona 1,-12.037154,-77.00585,8,0,,
1004,Tienda Sim 1004,Zona 1,-12.021476,-77.077128,5,0,,
1005,Tienda Sim 1005,Zona 5,-12.024421,-76.933145,1,0,,
1006,Tienda Sim 1006,Zona 3,-12.227815,-76.955458,3,0,,
1007,Tienda Sim 1007,Zona 8,-12.050281,-77.100092,4,0,,
1008,Tienda Sim 1008,Zona 2,-12.143564,-77.019007,3,0,,
1009,Tienda Sim 1009,Zona 6,-12.198475,-76.974011,2,0,,
1010,Tienda Sim 1010,Zona 3,-12.179517,-76.949669,5,0,,
1011,Tienda Sim 1011,Zona 5,-12.058981,-76.933992,4,0,,
1012,Tienda Sim 1012,Zona 4,-11.972454,-77.036419,3,0,,
1013,Tienda Sim 1013,Zona 4,-11.974262,-77.040535,4,0,,
1014,Tienda Sim 1014,Zona 8,-12.056808,-77.10522,3,0,,
1015,Tienda Sim 1015,Zona 3,-12.198389,-76.954271,2,0,,
1016,Tienda Sim 1016,Zona 1,-12.067823,-77.060196,4,0,,
1017,Tienda Sim 1017,Zona 5,-12.055076,-76.945654,8,0,,
1018,Tienda Sim 1018,Zona 7,-11.914065,-77.040752,5,0,,
1019,Tienda Sim 1019,Zona 1,-12.027937,-77.023572,5,0,,
1020,Tienda Sim 1020,Zona 3,-12.204166,-76.939296,8,0,,
1021,Tienda Sim 1021,Zona 7,-11.944384,-77.016202,5,0,,
1022,Tienda Sim 1022,Zona 6,-12.148555,-76.991429,2,0,,
1023,Tienda Sim 1023,Zona 8,-12.067093,-77.080334,4,0,,
1024,Tienda Sim 1024,Zona 4,-11.993262,-77.051941,4,0,,
1025,Tienda Sim 1025,Zona 5,-12.040174,-76.968659,4,0,,
1026,Tienda Sim 1026,Zona 2,-12.110807,-77.055089,2,0,,
1027,Tienda Sim 1027,Zona 8,-12.081261,-77.090637,1,0,,
1028,Tienda Sim 1028,Zona 3,-12.193578,-76.955481,3,0,14:00,18:00
1029,Tienda Sim 1029,Zona 6,-12.151964,-76.971082,8,0,,
1030,Tienda Sim 1030,Zona 3,-12.199774,-76.938177,6,0,,
1031,Tienda Sim 1031,Zona 4,-12.003093,-77.059274,7,0,,
1032,Tienda Sim 1032,Zona 5,-12.055621,-76.978541,2,0,,
1033,Tienda Sim 1033,Zona 4,-12.006568,-77.031772,4,0,,
1034,Tienda Sim 1034,Zona 8,-12.063075,-77.133825,5,0,,
1035,Tienda Sim 1035,Zona 3,-12.227726,-76.952019,4,0,,
1036,Tienda Sim 1036,Zona 5,-12.021899,-76.953362,4,0,,
1037,Tienda Sim 1037,Zona 3,-12.176474,-76.943665,3,0,,
1038,Tienda Sim 1038,Zona 3,-12.191517,-76.974043,1,0,,
1039,Tienda Sim 1039,Zona 3,-12.183125,-76.956029,7,0,,
1040,Tienda Sim 1040,Zona 1,-12.030464,-77.057655,8,0,,
1041,Tienda Sim 1041,Zona 1,-12.042813,-77.036664,1,0,,
1042,Tienda Sim 1042,Zona 5,-12.052773,-76.942718,4,0,,
1043,Tienda Sim 1043,Zona 5,-12.054795,-76.961683,5,0,,
1044,Tienda Sim 1044,Zona 5,-12.021101,-76.931119,7,0,,
1045,Tienda Sim 1045,Zona 1,-12.059696,-77.032768,8,0,,
1046,Tienda Sim 1046,Zona 3,-12.213368,-76.971324,4,0,,
1047,Tienda Sim 1047,Zona 1,-12.027391,-77.073674,6,0,09:00,13:00
1048,Tienda Sim 1048,Zona 6,-12.143317,-76.974549,8,0,,
1049,Tienda Sim 1049,Zona 7,-11.943808,-77.032624,7,0,,
1050,Tienda Sim 1050,Zona 2,-12.109538,-77.044874,3,0,,
1051,Tienda Sim 1051,Zona 5,-12.037081,-76.947959,7,0,,
1052,Tienda Sim 1052,Zona 1,-12.068609,-77.046058,4,0,14:00,18:00
1053,Tienda Sim 1053,Zona 2,-12.095137,-76.999821,1,0,,
1054,Tienda Sim 1054,Zona 1,-12.033088,-77.064426,7,0,,
1055,Tienda Sim 1055,Zona 2,-12.111169,-77.014685,7,0,,
1056,Tienda Sim 1056,Zona 5,-12.036937,-76.935871,3,0,14:00,18:00
1057,Tienda Sim 1057,Zona 8,-12.063461,-77.111303,4,0,09:00,13:00
1058,Tienda Sim 1058,Zona 2,-12.130951,-77.064163,3,0,,
1059,Tienda Sim 1059,Zona 4,-11.983886,-77.056651,1,0,,
1060,Tienda Sim 1060,Zona 5,-12.039964,-76.974076,8,0,,
1061,Tienda Sim 1061,Zona 8,-12.05839,-77.073018,1,0,,
1062,Tienda Sim 1062,Zona 5,-12.048588,-76.95111,5,0,,
1063,Tienda Sim 1063,Zona 2,-12.114438,-76.993418,1,0,,
1064,Tienda Sim 1064,Zona 5,-12.068426,-76.946342,6,0,,
1065,Tienda Sim 1065,Zona 3,-12.214394,-76.959846,8,0,,
1066,Tienda Sim 1066,Zona 8,-12.070893,-77.085748,6,0,,
1067,Tienda Sim 1067,Zona 3,-12.167582,-76.941933,5,0,09:00,13:00
1068,Tienda Sim 1068,Zona 5,-12.056779,-76.905131,7,0,,
1069,Tienda Sim 1069,Zona 1,-12.053696,-77.05328,8,0,,
1070,Tienda Sim 1070,Zona 3,-12.231949,-76.92487,7,0,09:00,13:00
1071,Tienda Sim 1071,Zona 7,-11.922572,-76.99648,2,0,,
1072,Tienda Sim 1072,Zona 5,-12.075011,-76.923753,5,0,,
1073,Tienda Sim 1073,Zona 3,-12.198738,-76.93549,7,0,,
1074,Tienda Sim 1074,Zona 8,-12.09966,-77.083575,3,0,,
1075,Tienda Sim 1075,Zona 7,-11.925843,-77.0407,6,0,,
1076,Tienda Sim 1076,Zona 3,-12.188388,-76.963779,1,0,,
1077,Tienda Sim 1077,Zona 4,-12.00043,-77.068342,8,0,,
1078,Tienda Sim 1078,Zona 4,-12.023349,-77.044488,5,0,,
1079,Tienda Sim 1079,Zona 5,-12.028551,-76.962624,6,0,,
1080,Tienda Sim 1080,Zona 3,-12.193732,-76.95478,7,0,,
1081,Tienda Sim 1081,Zona 2,-12.114091,-77.041296,2,0,,
1082,Tienda Sim 1082,Zona 8,-12.085902,-77.091063,4,0,,
1083,Tienda Sim 1083,Zona 8,-12.07115,-77.073602,7,0,14:00,18:00
1084,Tienda Sim 1084,Zona 7,-11.939166,-77.056669,2,0,,
1085,Tienda Sim 1085,Zona 8,-12.047915,-77.098646,7,0,,
1086,Tienda Sim 1086,Zona 6,-12.146916,-76.948569,3,0,,
1087,Tienda Sim 1087,Zona 6,-12.17175,-76.972291,5,0,,
1088,Tienda Sim 1088,Zona 6,-12.163086,-76.993233,5,1,,
1089,Tienda Sim 1089,Zona 4,-11.994745,-77.035945,6,0,,
1090,Tienda Sim 1090,Zona 3,-12.195728,-76.974229,7,0,,
1091,Tienda Sim 1091,Zona 2,-12.148005,-77.000034,3,0,,
1092,Tienda Sim 1092,Zona 5,-12.051626,-76.961653,2,0,,
1093,Tienda Sim 1093,Zona 2,-12.124932,-77.056592,4,0,,
1094,Tienda Sim 1094,Zona 2,-12.094384,-77.037075,5,0,,
1095,Tienda Sim 1095,Zona 4,-11.965387,-77.05907,7,0,,
1096,Tienda Sim 1096,Zona 3,-12.174268,-76.945379,7,1,,
1097,Tienda Sim 1097,Zona 2,-12.104642,-77.017056,3,0,,
1098,Tienda Sim 1098,Zona 6,-12.148781,-76.963737,8,0,,
1099,Tienda Sim 1099,Zona 7,-11.944191,-77.005522,1,0,,
1100,Tienda Sim 1100,Zona 1,-12.062325,-77.042922,1,0,,
1101,Tienda Sim 1101,Zona 1,-12.045732,-77.035756,1,0,,
1102,Tienda Sim 1102,Zona 3,-12.207731,-76.944335,8,0,,
1103,Tienda Sim 1103,Zona 6,-12.163039,-76.998475,2,0,14:00,18:00
1104,Tienda Sim 1104,Zona 7,-11.939828,-77.05981,5,0,,
1105,Tienda Sim 1105,Zona 1,-12.077219,-77.040536,7,0,,
1106,Tienda Sim 1106,Zona 6,-12.151218,-76.960519,7,0,,
1107,Tienda Sim 1107,Zona 1,-12.035791,-77.077787,8,0,,
1108,Tienda Sim 1108,Zona 3,-12.224498,-76.914477,1,0,,
1109,Tienda Sim 1109,Zona 8,-12.08885,-77.099005,4,0,,
1110,Tienda Sim 1110,Zona 1,-12.058365,-77.041566,5,0,,
1111,Tienda Sim 1111,Zona 1,-12.057399,-77.032892,6,1,,
1112,Tienda Sim 1112,Zona 3,-12.197538,-76.958069,5,0,,
1113,Tienda Sim 1113,Zona 5,-12.068903,-76.94518,5,0,,
1114,Tienda Sim 1114,Zona 8,-12.091829,-77.102305,3,0,14:00,18:00
1115,Tienda Sim 1115,Zona 8,-12.022723,-77.085697,1,0,,
1116,Tienda Sim 1116,Zona 1,-12.03307,-77.044541,4,0,,
1117,Tienda Sim 1117,Zona 1,-12.080898,-77.066801,3,0,,
1118,Tienda Sim 1118,Zona 6,-12.13691,-76.984216,5,0,14:00,18:00
1119,Tienda Sim 1119,Zona 2,-12.132587,-77.032982,7,0,,
1120,Tienda Sim 1120,Zona 7,-11.959117,-77.062082,5,0,,
1121,Tienda Sim 1121,Zona 5,-12.050909,-76.966048,5,0,,
1122,Tienda Sim 1122,Zona 1,-12.059338,-77.057061,1,0,,
1123,Tienda Sim 1123,Zona 7,-11.930598,-77.044178,6,0,,
1124,Tienda Sim 1124,Zona 1,-12.049214,-77.032255,4,0,,
1125,Tienda Sim 1125,Zona 3,-12.202557,-76.955009,1,0,,
1126,Tienda Sim 1126,Zona 4,-11.981532,-77.047972,2,0,,
1127,Tienda Sim 1127,Zona 4,-11.992647,-77.058549,7,0,,
1128,Tienda Sim 1128,Zona 5,-12.064072,-76.965492,8,0,,
1129,Tienda Sim 1129,Zona 5,-12.036155,-76.941991,5,0,,
1130,Tienda Sim 1130,Zona 8,-12.061805,-77.104945,8,0,,
1131,Tienda Sim 1131,Zona 8,-12.069168,-77.097465,2,0,,
1132,Tienda Sim 1132,Zona 4,-11.973168,-77.043598,3,0,,
1133,Tienda Sim 1133,Zona 1,-12.047814,-77.018034,8,0,,
1134,Tienda Sim 1134,Zona 6,-12.155888,-76.958617,2,0,,
1135,Tienda Sim 1135,Zona 8,-12.064922,-77.105554,6,0,,
1136,Tienda Sim 1136,Zona 2,-12.133244,-77.017376,2,0,,
1137,Tienda Sim 1137,Zona 3,-12.148785,-76.956746,3,0,,
1138,Tienda Sim 1138,Zona 3,-12.198722,-76.958032,4,0,,
1139,Tienda Sim 1139,Zona 1,-12.054784,-77.0152,3,0,14:00,18:00
1140,Tienda Sim 1140,Zona 5,-12.062113,-76.958533,7,0,,
1141,Tienda Sim 1141,Zona 3,-12.228575,-76.963637,8,0,,
1142,Tienda Sim 1142,Zona 6,-12.190751,-76.958628,5,0,,
1143,Tienda Sim 1143,Zona 7,-11.889605,-77.0466,5,0,,
1144,Tienda Sim 1144,Zona 7,-11.970002,-77.0238,1,0,,
1145,Tienda Sim 1145,Zona 3,-12.213085,-76.926612,2,0,,
1146,Tienda Sim 1146,Zona 3,-12.205077,-76.961373,1,0,,
1147,Tienda Sim 1147,Zona 6,-12.163203,-76.95636,7,0,,
1148,Tienda Sim 1148,Zona 6,-12.164094,-76.978941,2,0,,
1149,Tienda Sim 1149,Zona 4,-11.993579,-77.082893,3,0,,
1150,Tienda Sim 1150,Zona 7,-11.932853,-77.072161,7,0,,
1151,Tienda Sim 1151,Zona 1,-12.053994,-77.029331,6,0,,
1152,Tienda Sim 1152,Zona 7,-11.934545,-77.029374,5,0,,
1153,Tienda Sim 1153,Zona 1,-12.047171,-77.021945,1,0,,
1154,Tienda Sim 1154,Zona 1,-12.029355,-77.034969,5,0,,
1155,Tienda Sim 1155,Zona 4,-11.973304,-77.046492,5,0,09:00,13:00
1156,Tienda Sim 1156,Zona 1,-12.05391,-77.06719,3,0,,
1157,Tienda Sim 1157,Zona 1,-12.038433,-77.03317,6,0,,
1158,Tienda Sim 1158,Zona 1,-12.026372,-77.059854,8,0,,
1159,Tienda Sim 1159,Zona 3,-12.216316,-76.941722,3,0,09:00,13:00
1160,Tienda Sim 1160,Zona 6,-12.161281,-77.003944,3,0,,
1161,Tienda Sim 1161,Zona 1,-12.039248,-77.076344,3,0,,
1162,Tienda Sim 1162,Zona 5,-12.067015,-76.92567,7,0,,
1163,Tienda Sim 1163,Zona 7,-11.907152,-77.061882,1,0,,
1164,Tienda Sim 1164,Zona 1,-12.051929,-77.042233,8,0,,
1165,Tienda Sim 1165,Zona 1,-12.013938,-77.051872,7,0,,
1166,Tienda Sim 1166,Zona 7,-11.948584,-77.012123,4,0,,
1167,Tienda Sim 1167,Zona 7,-11.946746,-77.027,5,0,,
1168,Tienda Sim 1168,Zona 4,-12.016589,-77.063082,8,0,,
1169,Tienda Sim 1169,Zona 6,-12.189873,-76.988998,7,0,,
1170,Tienda Sim 1170,Zona 1,-12.030894,-77.043898,3,0,,
1171,Tienda Sim 1171,Zona 3,-12.205744,-76.963477,1,0,,
1172,Tienda Sim 1172,Zona 6,-12.163972,-76.96458,6,0,,
1173,Tienda Sim 1173,Zona 2,-12.102308,-77.077253,2,0,,
1174,Tienda Sim 1174,Zona 6,-12.174972,-76.967136,1,1,,
1175,Tienda Sim 1175,Zona 4,-11.99178,-77.052739,8,0,,
1176,Tienda Sim 1176,Zona 6,-12.155184,-76.975488,4,0,,
1177,Tienda Sim 1177,Zona 3,-12.209483,-76.954419,6,0,,
1178,Tienda Sim 1178,Zona 3,-12.179323,-76.963176,2,0,,
1179,Tienda Sim 1179,Zona 2,-12.121131,-77.0267,1,0,,
1180,Tienda Sim 1180,Zona 2,-12.091914,-77.035406,1,0,09:00,13:00
1181,Tienda Sim 1181,Zona 6,-12.142741,-76.947824,3,1,,
1182,Tienda Sim 1182,Zona 1,-12.047148,-77.046793,1,0,,
1183,Tienda Sim 1183,Zona 1,-12.051923,-77.047605,4,0,,
1184,Tienda Sim 1184,Zona 1,-12.030624,-77.038842,3,0,,
1185,Tienda Sim 1185,Zona 1,-12.041765,-77.063254,5,0,,
1186,Tienda Sim 1186,Zona 7,-11.957415,-77.001418,5,0,,
1187,Tienda Sim 1187,Zona 3,-12.203201,-76.963946,3,0,,
1188,Tienda Sim 1188,Zona 8,-12.04424,-77.104927,4,0,,
1189,Tienda Sim 1189,Zona 1,-12.035593,-77.045485,1,0,09:00,13:00
1190,Tienda Sim 1190,Zona 5,-12.055736,-76.953053,3,0,,
1191,Tienda Sim 1191,Zona 3,-12.224889,-76.951583,8,0,,
1192,Tienda Sim 1192,Zona 3,-12.194671,-76.916692,8,0,,
1193,Tienda Sim 1193,Zona 7,-11.938452,-77.082015,4,0,,
1194,Tienda Sim 1194,Zona 8,-12.071692,-77.060689,8,0,,
1195,Tienda Sim 1195,Zona 7,-11.924405,-77.054596,5,0,,
1196,Tienda Sim 1196,Zona 1,-12.03536,-77.056356,2,0,,
1197,Tienda Sim 1197,Zona 2,-12.144369,-77.036271,7,0,,
1198,Tienda Sim 1198,Zona 5,-12.048353,-76.983699,4,0,,
1199,Tienda Sim 1199,Zona 2,-12.140685,-77.029814,5,0,,
1200,Tienda Sim 1200,Zona 6,-12.167347,-76.962893,6,0,09:00,13:00
1201,Tienda Sim 1201,Zona 4,-12.011864,-77.047146,3,0,,
1202,Tienda Sim 1202,Zona 4,-12.011308,-77.030431,6,0,,
1203,Tienda Sim 1203,Zona 7,-11.970884,-77.059666,5,0,,
1204,Tienda Sim 1204,Zona 5,-12.042487,-76.920044,3,0,,
1205,Tienda Sim 1205,Zona 1,-12.040329,-77.032869,3,0,,
1206,Tienda Sim 1206,Zona 1,-12.045684,-77.061475,6,0,,
1207,Tienda Sim 1207,Zona 5,-12.058822,-76.971814,2,0,,
1208,Tienda Sim 1208,Zona 4,-12.013017,-77.052769,1,0,,
1209,Tienda Sim 1209,Zona 2,-12.140217,-77.024248,8,0,,
1210,Tienda Sim 1210,Zona 3,-12.223433,-76.944665,3,0,,
1211,Tienda Sim 1211,Zona 6,-12.168796,-76.944681,6,0,,
1212,Tienda Sim 1212,Zona 7,-11.934173,-77.017756,6,0,,
1213,Tienda Sim 1213,Zona 4,-12.003602,-77.058989,7,1,,
1214,Tienda Sim 1214,Zona 3,-12.21766,-76.957445,6,0,,
1215,Tienda Sim 1215,Zona 2,-12.124718,-77.043065,6,0,,
1216,Tienda Sim 1216,Zona 4,-12.011879,-77.085443,7,0,,
1217,Tienda Sim 1217,Zona 2,-12.162115,-77.049014,8,0,,
1218,Tienda Sim 1218,Zona 4,-11.978705,-77.088773,1,0,,
1219,Tienda Sim 1219,Zona 5,-12.074626,-76.917764,6,0,,
1220,Tienda Sim 1220,Zona 1,-12.057457,-77.037221,2,0,14:00,18:00
1221,Tienda Sim 1221,Zona 1,-12.034438,-77.031075,8,0,,
1222,Tienda Sim 1222,Zona 2,-12.147402,-77.034159,1,0,,
1223,Tienda Sim 1223,Zona 7,-11.969128,-76.995966,2,0,,
1224,Tienda Sim 1224,Zona 5,-12.078708,-76.968861,2,0,,
1225,Tienda Sim 1225,Zona 1,-12.064731,-77.06994,5,0,,
1226,Tienda Sim 1226,Zona 7,-11.915653,-76.996396,1,0,,
1227,Tienda Sim 1227,Zona 3,-12.208563,-76.973768,1,0,,
1228,Tienda Sim 1228,Zona 4,-12.030265,-77.064394,5,0,,
1229,Tienda Sim 1229,Zona 8,-12.075695,-77.121723,8,0,,
1230,Tienda Sim 1230,Zona 1,-12.042015,-77.035887,5,0,,
1231,Tienda Sim 1231,Zona 2,-12.114185,-77.03569,4,0,,
1232,Tienda Sim 1232,Zona 4,-12.009829,-77.048015,6,0,,
1233,Tienda Sim 1233,Zona 1,-12.045775,-77.02701,5,0,,
1234,Tienda Sim 1234,Zona 5,-12.035779,-76.975592,4,0,,
1235,Tienda Sim 1235,Zona 2,-12.145816,-77.0436,5,0,,
1236,Tienda Sim 1236,Zona 1,-12.065013,-77.029405,1,0,,
1237,Tienda Sim 1237,Zona 2,-12.113676,-77.010215,2,0,,
1238,Tienda Sim 1238,Zona 3,-12.192863,-76.946244,6,0,,
1239,Tienda Sim 1239,Zona 1,-12.024405,-77.034545,3,0,,
1240,Tienda Sim 1240,Zona 1,-12.044774,-77.016352,1,0,,
1241,Tienda Sim 1241,Zona 7,-11.937927,-77.045478,1,0,,
1242,Tienda Sim 1242,Zona 3,-12.215081,-76.937346,7,0,,
1243,Tienda Sim 1243,Zona 3,-12.177733,-76.950911,3,0,,
1244,Tienda Sim 1244,Zona 1,-12.022458,-77.07846,1,0,,
1245,Tienda Sim 1245,Zona 3,-12.200998,-76.950722,6,0,,
1246,Tienda Sim 1246,Zona 2,-12.133086,-76.987091,5,0,,
1247,Tienda Sim 1247,Zona 5,-12.051191,-76.957339,4,0,,
1248,Tienda Sim 1248,Zona 2,-12.119533,-77.066051,8,0,,
1249,Tienda Sim 1249,Zona 7,-11.953678,-77.022302,3,0,,
1250,Tienda Sim 1250,Zona 8,-12.081321,-77.12492,5,0,,
1251,Tienda Sim 1251,Zona 1,-12.022429,-77.018875,6,0,,
1252,Tienda Sim 1252,Zona 1,-12.036694,-77.051192,5,0,,
1253,Tienda Sim 1253,Zona 1,-12.05031,-77.057475,2,0,,
1254,Tienda Sim 1254,Zona 5,-12.067906,-76.968799,6,0,,
1255,Tienda Sim 1255,Zona 1,-12.057125,-77.061625,6,0,,
1256,Tienda Sim 1256,Zona 7,-11.968147,-77.036051,1,0,,
1257,Tienda Sim 1257,Zona 6,-12.155777,-76.939386,2,0,,
1258,Tienda Sim 1258,Zona 6,-12.17203,-76.96467,6,0,,
1259,Tienda Sim 1259,Zona 4,-11.984371,-77.064569,1,0,,
1260,Tienda Sim 1260,Zona 8,-12.056602,-77.096046,8,0,,
1261,Tienda Sim 1261,Zona 1,-12.040107,-77.047602,1,0,,
1262,Tienda Sim 1262,Zona 3,-12.206436,-76.97462,8,0,09:00,13:00
1263,Tienda Sim 1263,Zona 3,-12.214507,-76.961196,6,0,,
1264,Tienda Sim 1264,Zona 8,-12.090231,-77.102081,4,0,,
1265,Tienda Sim 1265,Zona 4,-11.968461,-77.076345,3,0,,
1266,Tienda Sim 1266,Zona 6,-12.154898,-76.988614,3,0,,
1267,Tienda Sim 1267,Zona 1,-12.051489,-77.055426,6,0,,
1268,Tienda Sim 1268,Zona 8,-12.059166,-77.122218,7,0,09:00,13:00
1269,Tienda Sim 1269,Zona 4,-11.97179,-77.064423,2,0,,
1270,Tienda Sim 1270,Zona 4,-12.001693,-77.082559,5,0,,
1271,Tienda Sim 1271,Zona 8,-12.065442,-77.093886,8,0,,
1272,Tienda Sim 1272,Zona 3,-12.19508,-76.909701,3,1,,
1273,Tienda Sim 1273,Zona 3,-12.174264,-76.955535,6,0,,
1274,Tienda Sim 1274,Zona 4,-11.995724,-77.051545,2,0,,
1275,Tienda Sim 1275,Zona 1,-12.061084,-77.022007,7,0,,
1276,Tienda Sim 1276,Zona 3,-12.193491,-76.945384,2,0,,
1277,Tienda Sim 1277,Zona 1,-12.033635,-77.011989,3,0,09:00,13:00
1278,Tienda Sim 1278,Zona 1,-12.042923,-77.045035,4,0,,
1279,Tienda Sim 1279,Zona 7,-11.912843,-77.022584,3,0,,
1280,Tienda Sim 1280,Zona 4,-11.995778,-77.059907,2,0,09:00,13:00
1281,Tienda Sim 1281,Zona 3,-12.196483,-76.943487,6,0,,
1282,Tienda Sim 1282,Zona 3,-12.224419,-76.977765,1,0,09:00,13:00
1283,Tienda Sim 1283,Zona 3,-12.215973,-76.967365,8,0,,
1284,Tienda Sim 1284,Zona 5,-12.061589,-76.938575,1,0,,
1285,Tienda Sim 1285,Zona 8,-12.073041,-77.106465,3,0,,
1286,Tienda Sim 1286,Zona 8,-12.092037,-77.11831,8,1,,
1287,Tienda Sim 1287,Zona 3,-12.189429,-76.939291,2,0,,
1288,Tienda Sim 1288,Zona 3,-12.213042,-76.94709,1,0,,
1289,Tienda Sim 1289,Zona 3,-12.160421,-76.950317,6,0,,
1290,Tienda Sim 1290,Zona 4,-12.002477,-77.063128,1,0,,
1291,Tienda Sim 1291,Zona 3,-12.198341,-76.952721,8,0,14:00,18:00
1292,Tienda Sim 1292,Zona 5,-12.050564,-76.975982,4,0,,
1293,Tienda Sim 1293,Zona 4,-12.007327,-77.062688,7,0,,
1294,Tienda Sim 1294,Zona 3,-12.202975,-76.960191,2,0,,
1295,Tienda Sim 1295,Zona 3,-12.203186,-76.948902,2,1,,
1296,Tienda Sim 1296,Zona 3,-12.183991,-76.951786,8,0,,
1297,Tienda Sim 1297,Zona 1,-12.038816,-77.052749,7,0,,
1298,Tienda Sim 1298,Zona 1,-12.035702,-77.036237,8,0,,
1299,Tienda Sim 1299,Zona 6,-12.144415,-76.957158,3,0,,
1300,Tienda Sim 1300,Zona 3,-12.189403,-76.951772,4,0,,
1301,Tienda Sim 1301,Zona 2,-12.115591,-77.010857,5,0,,
1302,Tienda Sim 1302,Zona 4,-12.001737,-77.071311,4,0,,
1303,Tienda Sim 1303,Zona 6,-12.156734,-76.962525,2,0,,
1304,Tienda Sim 1304,Zona 2,-12.134834,-77.031346,4,0,,
1305,Tienda Sim 1305,Zona 7,-11.941692,-77.079875,5,0,,
1306,Tienda Sim 1306,Zona 8,-12.073953,-77.112832,1,0,,
1307,Tienda Sim 1307,Zona 4,-11.992885,-77.034514,3,0,,
1308,Tienda Sim 1308,Zona 5,-12.071884,-76.964843,3,1,,
1309,Tienda Sim 1309,Zona 1,-12.09302,-77.051656,1,0,,
1310,Tienda Sim 1310,Zona 8,-12.077122,-77.11918,1,1,,
1311,Tienda Sim 1311,Zona 3,-12.180062,-76.934509,4,0,,
1312,Tienda Sim 1312,Zona 8,-12.068599,-77.116671,1,0,,
1313,Tienda Sim 1313,Zona 4,-11.971529,-77.060356,3,0,,
1314,Tienda Sim 1314,Zona 1,-12.060729,-77.073892,5,0,,
1315,Tienda Sim 1315,Zona 1,-12.053944,-77.029416,7,0,,
1316,Tienda Sim 1316,Zona 5,-12.009022,-76.948891,1,0,,
1317,Tienda Sim 1317,Zona 4,-12.003776,-77.081329,4,0,,
1318,Tienda Sim 1318,Zona 1,-12.036065,-77.074763,1,0,,
1319,Tienda Sim 1319,Zona 6,-12.150094,-76.955281,4,0,,
1320,Tienda Sim 1320,Zona 7,-11.932147,-77.043954,4,0,,
1321,Tienda Sim 1321,Zona 4,-11.979831,-77.056923,7,0,,
1322,Tienda Sim 1322,Zona 3,-12.214006,-76.916693,4,0,,
1323,Tienda Sim 1323,Zona 1,-12.05233,-77.029036,8,0,14:00,18:00
1324,Tienda Sim 1324,Zona 6,-12.203535,-76.947024,2,0,,
1325,Tienda Sim 1325,Zona 3,-12.173562,-76.949463,1,0,,
1326,Tienda Sim 1326,Zona 7,-11.929942,-77.029947,1,1,,
1327,Tienda Sim 1327,Zona 3,-12.21157,-76.940152,3,0,,
1328,Tienda Sim 1328,Zona 4,-12.004555,-77.070958,2,0,,
1329,Tienda Sim 1329,Zona 2,-12.099715,-77.012456,1,0,,
1330,Tienda Sim 1330,Zona 1,-12.058715,-77.056204,2,0,,
1331,Tienda Sim 1331,Zona 6,-12.171621,-76.956812,8,0,,
1332,Tienda Sim 1332,Zona 4,-12.008,-77.053579,7,0,,
1333,Tienda Sim 1333,Zona 4,-11.976557,-77.061588,1,1,,
1334,Tienda Sim 1334,Zona 8,-12.051819,-77.115478,8,0,,
1335,Tienda Sim 1335,Zona 8,-12.073849,-77.12759,2,0,,
1336,Tienda Sim 1336,Zona 7,-11.921691,-77.053797,4,0,,
1337,Tienda Sim 1337,Zona 1,-12.039704,-77.044284,3,0,,
1338,Tienda Sim 1338,Zona 4,-12.00895,-77.070964,4,0,,
1339,Tienda Sim 1339,Zona 7,-11.915108,-77.03637,7,0,,
1340,Tienda Sim 1340,Zona 3,-12.218165,-76.944504,6,0,,
1341,Tienda Sim 1341,Zona 1,-12.04863,-76.980827,5,0,,
1342,Tienda Sim 1342,Zona 6,-12.154868,-76.976851,6,0,,
1343,Tienda Sim 1343,Zona 4,-11.964439,-77.093139,6,0,,
1344,Tienda Sim 1344,Zona 4,-11.988302,-77.0241,2,0,,
1345,Tienda Sim 1345,Zona 8,-12.072092,-77.141199,4,0,,
1346,Tienda Sim 1346,Zona 5,-12.057127,-76.923819,1,0,,
1347,Tienda Sim 1347,Zona 3,-12.193231,-76.965099,6,0,,
1348,Tienda Sim 1348,Zona 3,-12.212334,-76.960075,4,0,,
1349,Tienda Sim 1349,Zona 3,-12.193498,-76.925912,6,0,,
1350,Tienda Sim 1350,Zona 1,-12.027056,-77.034792,5,0,,
1351,Tienda Sim 1351,Zona 6,-12.18397,-76.993903,3,0,,
1352,Tienda Sim 1352,Zona 7,-11.930401,-77.064218,2,0,,
1353,Tienda Sim 1353,Zona 2,-12.12406,-77.024525,8,0,,
1354,Tienda Sim 1354,Zona 2,-12.140477,-77.048437,3,0,,
1355,Tienda Sim 1355,Zona 7,-11.941694,-77.030934,1,0,,
1356,Tienda Sim 1356,Zona 1,-12.026893,-77.032073,3,0,,
1357,Tienda Sim 1357,Zona 4,-11.988674,-77.073432,8,0,,
1358,Tienda Sim 1358,Zona 3,-12.219276,-76.959196,3,0,,
1359,Tienda Sim 1359,Zona 5,-12.042621,-76.943941,8,0,,
1360,Tienda Sim 1360,Zona 1,-12.083798,-77.057142,4,0,09:00,13:00
1361,Tienda Sim 1361,Zona 5,-12.028319,-76.948574,7,0,,
1362,Tienda Sim 1362,Zona 3,-12.225506,-76.907595,6,0,,
1363,Tienda Sim 1363,Zona 5,-12.050521,-76.943082,1,0,,
1364,Tienda Sim 1364,Zona 1,-12.038809,-77.049617,5,0,,
1365,Tienda Sim 1365,Zona 3,-12.213096,-76.91181,4,0,,
1366,Tienda Sim 1366,Zona 4,-11.971942,-77.045205,2,0,,
1367,Tienda Sim 1367,Zona 2,-12.109627,-77.04806,5,0,,
1368,Tienda Sim 1368,Zona 1,-12.023004,-77.058176,1,0,,
1369,Tienda Sim 1369,Zona 1,-12.040901,-77.072509,6,0,09:00,13:00
1370,Tienda Sim 1370,Zona 3,-12.236735,-76.944271,7,0,,
1371,Tienda Sim 1371,Zona 1,-12.060564,-77.078805,1,0,,
1372,Tienda Sim 1372,Zona 8,-12.060269,-77.071839,4,0,,
1373,Tienda Sim 1373,Zona 3,-12.174988,-76.954632,6,0,,
1374,Tienda Sim 1374,Zona 6,-12.159841,-76.954021,1,0,,
1375,Tienda Sim 1375,Zona 8,-12.049802,-77.116184,4,0,,
1376,Tienda Sim 1376,Zona 1,-12.045385,-77.037589,3,0,,
1377,Tienda Sim 1377,Zona 5,-12.04003,-76.952395,1,0,,
1378,Tienda Sim 1378,Zona 7,-11.942162,-77.015163,7,0,,
1379,Tienda Sim 1379,Zona 5,-12.028229,-76.941407,4,0,,
1380,Tienda Sim 1380,Zona 3,-12.169056,-76.956956,7,0,,
1381,Tienda Sim 1381,Zona 3,-12.170786,-76.940235,5,0,,
1382,Tienda Sim 1382,Zona 1,-11.987122,-77.064465,8,0,,
1383,Tienda Sim 1383,Zona 4,-12.002408,-77.052462,8,0,,
1384,Tienda Sim 1384,Zona 8,-12.06285,-77.074897,5,0,,
1385,Tienda Sim 1385,Zona 8,-12.082031,-77.093711,3,0,,
1386,Tienda Sim 1386,Zona 1,-12.025076,-77.030316,4,0,09:00,13:00
1387,Tienda Sim 1387,Zona 5,-12.067298,-76.92466,7,0,,
1388,Tienda Sim 1388,Zona 2,-12.097872,-77.019207,4,0,,
1389,Tienda Sim 1389,Zona 8,-12.066322,-77.10593,5,0,,
1390,Tienda Sim 1390,Zona 1,-12.047417,-77.031466,2,0,,
1391,Tienda Sim 1391,Zona 8,-12.06944,-77.125273,8,0,,
1392,Tienda Sim 1392,Zona 7,-11.958875,-77.053537,6,0,,
1393,Tienda Sim 1393,Zona 1,-12.042002,-77.043485,3,0,,
1394,Tienda Sim 1394,Zona 1,-12.042124,-77.033985,5,0,,
1395,Tienda Sim 1395,Zona 7,-11.951292,-77.013618,4,0,,
1396,Tienda Sim 1396,Zona 1,-12.050819,-77.050802,2,0,,
1397,Tienda Sim 1397,Zona 4,-11.981317,-77.093057,7,0,,
1398,Tienda Sim 1398,Zona 8,-12.08423,-77.092341,8,0,,
1399,Tienda Sim 1399,Zona 4,-12.021274,-77.039884,7,0,,
1400,Tienda Sim 1400,Zona 3,-12.1728,-76.95665,3,0,,
1401,Tienda Sim 1401,Zona 3,-12.194747,-76.929856,3,0,09:00,13:00
1402,Tienda Sim 1402,Zona 1,-12.054402,-77.02738,1,0,,
1403,Tienda Sim 1403,Zona 8,-12.082081,-77.118597,6,0,,
1404,Tienda Sim 1404,Zona 2,-12.134388,-77.023832,3,0,,
1405,Tienda Sim 1405,Zona 1,-12.025157,-77.046314,8,0,,
1406,Tienda Sim 1406,Zona 2,-12.142882,-77.049489,7,0,,
1407,Tienda Sim 1407,Zona 8,-12.062897,-77.076806,2,0,,
1408,Tienda Sim 1408,Zona 1,-12.038913,-77.049964,8,0,,
1409,Tienda Sim 1409,Zona 7,-11.926209,-77.044311,2,0,,
1410,Tienda Sim 1410,Zona 5,-12.056809,-76.967252,4,0,,
1411,Tienda Sim 1411,Zona 7,-11.914648,-77.085706,4,0,,
1412,Tienda Sim 1412,Zona 8,-12.055639,-77.118347,8,0,,
1413,Tienda Sim 1413,Zona 7,-11.947386,-77.009538,6,0,,
1414,Tienda Sim 1414,Zona 8,-12.082854,-77.122241,8,0,,
1415,Tienda Sim 1415,Zona 1,-12.048347,-77.035551,5,0,,
1416,Tienda Sim 1416,Zona 6,-12.167953,-76.998329,7,0,,
1417,Tienda Sim 1417,Zona 4,-12.005583,-77.036936,7,0,,
1418,Tienda Sim 1418,Zona 4,-11.988654,-77.05188,7,0,,
1419,Tienda Sim 1419,Zona 7,-11.944706,-77.051871,4,0,,
1420,Tienda Sim 1420,Zona 8,-12.039804,-77.113387,4,0,,
1421,Tienda Sim 1421,Zona 5,-12.057981,-76.930269,8,0,,
1422,Tienda Sim 1422,Zona 4,-12.003002,-77.070705,7,1,,
1423,Tienda Sim 1423,Zona 3,-12.199816,-76.949995,8,0,,
1424,Tienda Sim 1424,Zona 3,-12.195327,-76.91235,5,0,,
1425,Tienda Sim 1425,Zona 3,-12.193948,-76.992805,8,0,,
1426,Tienda Sim 1426,Zona 3,-12.194127,-76.949318,6,0,14:00,18:00
1427,Tienda Sim 1427,Zona 1,-12.045218,-77.038573,6,0,,
1428,Tienda Sim 1428,Zona 1,-12.046516,-77.043947,2,0,,
1429,Tienda Sim 1429,Zona 6,-12.148965,-76.979757,5,1,,
1430,Tienda Sim 1430,Zona 3,-12.217058,-76.895572,6,0,,
1431,Tienda Sim 1431,Zona 8,-12.082885,-77.108197,7,0,,
1432,Tienda Sim 1432,Zona 5,-12.076922,-76.947904,8,0,,
1433,Tienda Sim 1433,Zona 1,-12.062798,-77.050965,3,0,14:00,18:00
1434,Tienda Sim 1434,Zona 1,-12.027189,-77.034504,3,0,,
1435,Tienda Sim 1435,Zona 2,-12.109769,-77.061882,8,0,09:00,13:00
1436,Tienda Sim 1436,Zona 8,-12.036936,-77.131454,8,1,,
1437,Tienda Sim 1437,Zona 2,-12.092486,-77.011612,2,0,,
1438,Tienda Sim 1438,Zona 4,-11.979608,-77.07539,4,0,,
1439,Tienda Sim 1439,Zona 8,-12.067271,-77.118477,8,0,,
1440,Tienda Sim 1440,Zona 8,-12.069477,-77.114498,2,0,,
1441,Tienda Sim 1441,Zona 2,-12.156695,-77.009808,7,0,,
1442,Tienda Sim 1442,Zona 1,-12.04746,-77.051726,1,0,,
1443,Tienda Sim 1443,Zona 1,-12.056086,-77.036548,2,0,,
1444,Tienda Sim 1444,Zona 1,-12.062088,-77.083593,7,0,,
1445,Tienda Sim 1445,Zona 1,-12.038672,-77.033656,5,0,,
1446,Tienda Sim 1446,Zona 4,-11.993593,-77.080662,5,0,,
1447,Tienda Sim 1447,Zona 8,-12.068399,-77.136362,7,0,,
1448,Tienda Sim 1448,Zona 4,-12.00849,-77.073513,3,0,,
1449,Tienda Sim 1449,Zona 5,-12.034809,-76.956527,5,0,,
1450,Tienda Sim 1450,Zona 2,-12.128062,-76.994816,5,0,,
1451,Tienda Sim 1451,Zona 6,-12.153656,-76.963898,6,0,,
1452,Tienda Sim 1452,Zona 5,-12.056655,-76.960735,3,0,,
1453,Tienda Sim 1453,Zona 7,-11.979355,-77.022563,6,0,,
1454,Tienda Sim 1454,Zona 8,-12.06193,-77.113225,4,0,,
1455,Tienda Sim 1455,Zona 3,-12.20247,-76.936749,5,0,,
1456,Tienda Sim 1456,Zona 1,-12.073985,-77.053618,7,0,,
1457,Tienda Sim 1457,Zona 2,-12.140453,-76.998113,4,0,,
1458,Tienda Sim 1458,Zona 3,-12.184238,-76.989648,6,0,,
1459,Tienda Sim 1459,Zona 8,-12.097248,-77.112382,8,0,,
1460,Tienda Sim 1460,Zona 3,-12.208504,-76.973839,7,0,,
1461,Tienda Sim 1461,Zona 6,-12.124994,-76.964374,8,0,,
1462,Tienda Sim 1462,Zona 4,-11.981453,-77.072456,5,0,,
1463,Tienda Sim 1463,Zona 1,-12.032999,-77.049848,3,0,,
1464,Tienda Sim 1464,Zona 3,-12.2051,-76.939002,8,0,,
1465,Tienda Sim 1465,Zona 5,-12.079322,-76.921253,6,0,,
1466,Tienda Sim 1466,Zona 5,-12.046717,-76.926943,2,0,,
1467,Tienda Sim 1467,Zona 3,-12.219358,-76.966617,3,0,,
1468,Tienda Sim 1468,Zona 2,-12.140914,-77.025495,3,0,,
1469,Tienda Sim 1469,Zona 6,-12.158812,-76.978359,7,0,,
1470,Tienda Sim 1470,Zona 1,-12.064253,-77.065799,1,0,,
1471,Tienda Sim 1471,Zona 8,-12.070873,-77.118381,6,0,,
1472,Tienda Sim 1472,Zona 1,-12.058341,-77.015152,5,0,,
1473,Tienda Sim 1473,Zona 1,-12.047482,-77.020139,1,0,,
1474,Tienda Sim 1474,Zona 4,-11.999599,-77.055594,5,0,,
1475,Tienda Sim 1475,Zona 4,-11.990999,-77.090557,7,0,,
1476,Tienda Sim 1476,Zona 4,-11.96429,-77.062433,6,0,,
1477,Tienda Sim 1477,Zona 3,-12.186564,-76.963537,5,0,,
1478,Tienda Sim 1478,Zona 8,-12.072967,-77.125603,3,0,,
1479,Tienda Sim 1479,Zona 4,-11.967752,-77.054395,2,0,09:00,13:00
1480,Tienda Sim 1480,Zona 4,-11.983393,-77.035553,1,0,,
1481,Tienda Sim 1481,Zona 3,-12.179186,-76.936224,3,0,,
1482,Tienda Sim 1482,Zona 1,-12.071591,-77.055522,6,0,,
1483,Tienda Sim 1483,Zona 4,-12.00807,-77.046904,1,0,,
1484,Tienda Sim 1484,Zona 2,-12.116928,-77.055029,8,0,09:00,13:00
1485,Tienda Sim 1485,Zona 5,-12.053397,-76.976894,5,0,,
1486,Tienda Sim 1486,Zona 1,-12.046957,-77.072797,3,0,,
1487,Tienda Sim 1487,Zona 8,-12.060481,-77.103197,8,0,,
1488,Tienda Sim 1488,Zona 3,-12.165657,-76.934738,2,0,,
1489,Tienda Sim 1489,Zona 7,-11.947612,-77.025275,8,0,,
1490,Tienda Sim 1490,Zona 4,-12.015158,-77.077325,3,0,,
1491,Tienda Sim 1491,Zona 1,-12.040003,-77.081848,4,0,,
1492,Tienda Sim 1492,Zona 7,-11.940669,-77.058365,4,0,,
1493,Tienda Sim 1493,Zona 5,-12.048176,-76.969399,8,0,,
1494,Tienda Sim 1494,Zona 6,-12.152364,-76.969652,3,0,,
1495,Tienda Sim 1495,Zona 3,-12.174793,-76.949879,8,0,,
1496,Tienda Sim 1496,Zona 5,-12.063836,-76.954444,3,0,,
1497,Tienda Sim 1497,Zona 7,-11.964196,-77.03269,3,0,,
1498,Tienda Sim 1498,Zona 5,-12.039383,-76.905554,6,0,14:00,18:00
1499,Tienda Sim 1499,Zona 3,-12.211193,-76.95482,6,0,,
1500,Tienda Sim 1500,Zona 5,-12.060364,-76.946182,3,0,,
